,ProfessorName,className
0,오원옥 교수님,간호학개론
1,강지원 교수님,간호정보학및실습
2,추진아 교수님,간호연구방법론
3,설근희 교수님,기초간호과학II
4,"설근희,강푸름 교수님",기초간호과학III
5,이창규 교수님,병원미생물학
6,"설근희,강푸름 교수님",기초간호과학실습II
7,서문경애 교수님,간호통계
8,장성옥 교수님,기본간호학I
9,장성옥 교수님,기본간호학실습I
10,박원희 교수님,기본간호학실습I
11,박수경 교수님,건강사정(영강)
12,전진영 교수님,건강사정실습
13,박수경 교수님,건강사정실습
14,"박수경,신나미 교수님",성인간호학II
15,"이숙자,전진영 교수님",성인간호학III
16,"이숙자,전진영 교수님",성인간호학실습II
17,서문경애 교수님,간호전문직과윤리
18,"박은숙,오원옥 교수님",아동간호학I
19,오원옥 교수님,아동간호학실습II
20,박영주 교수님,모성간호학I
21,신현정 교수님,모성간호학실습II
22,송준아 교수님,노인간호학
23,송준아 교수님,간호학실습입문
24,정미란 교수님,정신간호학II
25,추진아 교수님,지역보건의료체계
26,유호신 교수님,지역사회간호학개론
27,Jean-Henry Morin 교수님,Topic Course(영강) Design Thinking
28,박광태 교수님,경영수학
29,Inna Drobouchevitch 교수님,경영수학(영강)
30,조경아 교수님,세계경제와기업(영강)
31,박찬수 교수님,마케팅원론
32,이승민 교수님,마케팅원론
33,구교령 교수님,마케팅원론
34,윤성아 교수님,마케팅원론(영강)
35,Tony C. Garrett 교수님,마케팅원론(영강)
36,유원상 교수님,마케팅원론(영강)
37,Fang-Chi Lu 교수님,마케팅원론(영강)
38,이은영 교수님,마케팅원론(영강)
39,윤세정 교수님,마케팅원론(영강)
40,박경서 교수님,재무관리(영강)
41,김중혁 교수님,재무관리(영강)
42,김우찬 교수님,재무관리(영강)
43,황준호 교수님,재무관리(영강)
44,손범진 교수님,재무관리(영강)
45,박진관 교수님,재무관리(영강)
46,임찬우 교수님,재무관리
47,강상구 교수님,재무관리
48,정재웅 교수님,재무관리
49,최희정 교수님,재무관리(영강)
50,박명섭 교수님,오퍼레이션스관리
51,박광태 교수님,오퍼레이션스관리
52,김대기 교수님,오퍼레이션스관리
53,임호순 교수님,오퍼레이션스관리(영강)
54,김대수 교수님,오퍼레이션스관리(영강)
55,김병조 교수님,오퍼레이션스관리(영강)
56,김기훈 교수님,오퍼레이션스관리(영강)
57,임희주 교수님,오퍼레이션스관리(영강)
58,이남경 교수님,오퍼레이션스관리(영강)
59,최우석 교수님,중급회계I(영강)
60,이한상 교수님,중급회계I(영강)
61,지승민 교수님,중급회계I(영강)
62,최창규 교수님,중급회계I
63,두서영 교수님,중급회계I(영강)
64,추재연 교수님,중급회계I(영강)
65,이건 교수님,중급회계I(영강)
66,이건재 교수님,중급회계I(영강)
67,배길수 교수님,중급회계II
68,배진한 교수님,중급회계II(영강)
69,한재민 교수님,경영정보시스템
70,서용무 교수님,경영정보시스템
71,홍세준 교수님,경영정보시스템(영강)
72,이재남 교수님,경영정보시스템(영강)
73,Anat Zeelim-Hovav 교수님,경영정보시스템(영강)
74,이동원 교수님,경영정보시스템(영강)
75,문재윤 교수님,경영정보시스템(영강)
76,Jean-Henry Morin 교수님,경영정보시스템(영강)
77,최진희 교수님,광고론(영강)
78,Fang-Chi Lu 교수님,광고론(영강)
79,유관희 교수님,관리회계
80,김진배 교수님,관리회계
81,유승원 교수님,관리회계(영강)
82,한승수 교수님,관리회계(영강)
83,김현아 교수님,관리회계(영강)
84,김익수 교수님,기업경제학
85,김상용 교수님,마케팅조사론
86,유원상 교수님,마케팅조사론(영강)
87,손범진 교수님,투자론(영강)
88,강상구 교수님,투자론
89,임현일 교수님,투자론
90,남대일 교수님,벤처경영
91,김도윤 교수님,벤처경영
92,이동섭 교수님,조직행동론(영강)
93,전재욱 교수님,조직행동론(영강)
94,김태규 교수님,조직행동론(영강)
95,권성우 교수님,조직행동론(영강)
96,문형구 교수님,조직행동론
97,이목화 교수님,조직행동론
98,박지혜 교수님,조직행동론(영강)
99,조명현 교수님,국제경영론
100,이재혁 교수님,국제경영론
101,정인식 교수님,국제경영론(영강)
102,정창화 교수님,국제경영론(영강)
103,문정빈 교수님,국제경영론(영강)
104,조경아 교수님,국제경영론(영강) 교환학생전용(Exchange students only)
105,김순성 교수님,국제경영론(영강)
106,김은미 교수님,국제경영론(영강)
107,박혜연 교수님,국제경영론(영강)
108,김익수 교수님,지역연구(중국)
109,Martin Hemmert 교수님,Korean Business & Management in the Global Context(영강)
110,편주현 교수님,국제무역론(영강)
111,한재민 교수님,IT기반비즈니스모델
112,문재윤 교수님,소셜컴퓨팅과비즈니스(영강)
113,박종원 교수님,소비자행동
114,석관호 교수님,소비자행동(영강)
115,윤성아 교수님,소비자행동(영강)
116,김용덕 교수님,국제금융론
117,정재호 교수님,국제금융론(영강)
118,정석우 교수님,세무회계
119,김동원 교수님,노사관계론
120,김광현 교수님,인적자원관리(영강)
121,이한상 교수님,고급회계(영강)
122,채서일 교수님,마케팅전략
123,이종호 교수님,마케팅전략(영강)
124,이동욱 교수님,국제재무관리(영강)
125,정지웅 교수님,국제재무관리(영강)
126,김중혁 교수님,기업재무(영강)
127,황준호 교수님,기업재무(영강)
128,나현승 교수님,기업재무(영강)
129,박진관 교수님,기업재무(영강)
130,김동철 교수님,선물옵션(영강)
131,김도완 교수님,선물옵션
132,정호원 교수님,IT서비스평가
133,이장혁 교수님,서비스마케팅(영강)
134,김재환 교수님,현대기아차글로벌마케팅전략
135,권성우 교수님,비즈니스협상(영강)
136,김언수 교수님,"경영전략(영강) 경영대학 전공생에 한함,(3,4학년 수강제한)"
137,김영규 교수님,"경영전략(영강) 경영대학 전공생에 한함,(3,4학년 수강제한)"
138,조명현 교수님,"경영전략 경영대학 전공생에 한함,(3,4학년 수강제한)"
139,이재혁 교수님,"경영전략 경영대학 전공생에 한함,(3,4학년 수강제한)"
140,김봉선 교수님,"경영전략(영강) 경영대학 전공생에 한함,(3,4학년 수강제한)"
141,문정빈 교수님,소셜벤처창업
142,홍세준 교수님,IT혁신관리:이슈와트렌드(영강)
143,이동욱 교수님,채권론(영강)
144,유용근 교수님,기업가치평가(영강)
145,김동철 교수님,고급투자론(영강)
146,이동섭 교수님,리더쉽:이론과실제(영강)
147,배종석 교수님,경영의철학적이해
148,김대기 교수님,로지스틱스관리
149,김대수 교수님,오퍼레이션스전략(영강)
150,서용무 교수님,데이터관리와지적경영
151,Tony C. Garrett 교수님,제품및브랜드관리(영강)
152,이두희 교수님,인터넷마케팅
153,이장혁 교수님,인터넷마케팅(영강)
154,권수영 교수님,글로벌CEO특강
155,강윤찬 교수님,창의설계 신소재공학부
156,서지훈 교수님,창의설계 신소재공학부
157,강승모 교수님,창의설계 건축사회환경공학부
158,손상영 교수님,창의설계(영강) 건축사회환경공학부
159,송광호 교수님,기술과창업
160,정진택 교수님,열역학I
161,윤석구 교수님,열역학I(영강)
162,심준형 교수님,열역학I(영강)
163,홍대희 교수님,고체역학I
164,김윤재 교수님,고체역학I(영강)
165,최우천 교수님,기계제작법및실습
166,심재경 교수님,전산기이용기계제도
167,최병호 교수님,전산기이용기계제도(영강)
168,심재경 교수님,기구학
169,정석 교수님,공업수학I(영강)
170,이호성 교수님,공업수학I(영강)
171,김재인 교수님,동역학(영강)
172,김권희 교수님,창의적기계설계:캡스톤디자인
173,이병양 교수님,창의적기계설계:캡스톤디자인(영강)
174,강용태 교수님,열전달(영강)
175,권오명 교수님,열전달
176,최병호 교수님,공학재료학(영강)
177,한창수 교수님,공학재료학(영강)
178,문영준 교수님,유체역학II
179,김윤재 교수님,기계공학실험I(영강)
180,나성수 교수님,기계공학실험I(영강)
181,최병호 교수님,기계공학실험I(영강)
182,나성수 교수님,기계진동학
183,백창현 교수님,공기조화
184,이호성 교수님,에너지공학(영강)
185,박심수 교수님,내연기관
186,송재복 교수님,메카트로닉스
187,정석 교수님,통합설계(영강)
188,장민호 교수님,통합설계(영강)
189,최원준 교수님,수치해석(영강)
190,정우진 교수님,마이크로프로세서프로그래밍(영강)
191,박신석 교수님,로봇공학(영강)
192,정경철 교수님,일반회계및원가계산
193,심준용 교수님,일반회계및원가계산
194,한성원 교수님,수리통계및실습(영강)
195,김성범 교수님,수리통계및실습
196,정태수 교수님,경영공학개론(영강)
197,정의승 교수님,휴먼인터페이스
198,김기현 교수님,객체지향프로그래밍및실습
199,안민정 교수님,객체지향프로그래밍및실습
200,강정윤 교수님,생산시스템공학및실험
201,박재규 교수님,인간공학
202,박태준 교수님,OR-Ⅱ 및 실습
203,백준걸 교수님,데이터마이닝
204,한지희 교수님,생산계획
205,이홍철 교수님,정보시스템설계
206,최인찬 교수님,최적화이론(영강)
207,장동식 교수님,시스템공학특론-Ⅰ
208,정의승 교수님,공학현장실습Ⅰ
209,이철웅 교수님,물류시스템설계
210,강필성 교수님,다변량분석(영강) 제1실험관 부속건물 204호에서 한달간 수업 진행 후 신공학관 224호로 변경 예정
211,박종선 교수님,시스템분석
212,최인찬 교수님,메타휴리스틱
213,정태수 교수님,캡스톤디자인Ⅰ
214,강윤찬 교수님,물리화학I
215,이인환 교수님,물리화학I(영강)
216,이준호 교수님,물리화학I(영강)
217,이경진 교수님,재료수치해석(영강)
218,서지훈 교수님,재료구조물성(영강)
219,성윤모 교수님,재료구조물성(영강)
220,장호 교수님,재료구조물성
221,이종흔 교수님,생활속의신소재공학
222,이재철 교수님,공업수학I(영강)
223,서지훈 교수님,공업수학I(영강)
224,임대순 교수님,세라믹재료개론
225,이재승 교수님,유기재료화학(영강)
226,오승주 교수님,X-선결정학(영강)
227,이헌 교수님,전자및반도체재료공학
228,이인환 교수님,전자및반도체재료공학(영강)
229,김영근 교수님,재료공학실험I
230,이경진 교수님,재료공학실험I
231,이재승 교수님,재료공학실험I
232,이명규 교수님,재료공학실험I
233,오승주 교수님,재료공학실험I
234,허주열 교수님,재료열역학
235,임상호 교수님,재료열역학(영강)
236,성윤모 교수님,나노소재(영강)
237,이명규 교수님,금속가공학(영강)
238,장호 교수님,금속재료
239,성태연 교수님,광소재및소자(영강)
240,윤우영 교수님,신소재종합설계Ⅰ
241,윤호규 교수님,고분자전자재료
242,서광석 교수님,유기재료공정
243,김영근 교수님,융합기술및신소재응용
244,장호 교수님,재료공학실험III
245,성윤모 교수님,재료공학실험III
246,성태연 교수님,재료공학실험III
247,이해근 교수님,전자기학
248,최주 교수님,산학협동강좌I
249,윤호규 교수님,졸업종합설계Ⅰ
250,이헌 교수님,졸업종합설계Ⅰ
251,이준호 교수님,졸업종합설계Ⅰ
252,서지훈 교수님,졸업종합설계Ⅰ
253,윤우영 교수님,졸업종합설계Ⅰ
254,권세혁 교수님,전기회로Ⅰ
255,전완종 교수님,전기회로Ⅰ
256,박귀태 교수님,전기회로Ⅰ
257,김석기 교수님,전기회로Ⅰ(영강)
258,강충구 교수님,전기회로실험
259,고성제 교수님,전기회로실험
260,설상훈 교수님,전기회로실험
261,정창성 교수님,전기회로실험
262,이병준 교수님,전기회로실험
263,장길수 교수님,전기회로실험
264,황인준 교수님,전기회로실험
265,주병권 교수님,전기회로실험
266,최린 교수님,전기회로실험
267,전상근 교수님,전기회로실험(영강)
268,김종국 교수님,디지털시스템(영강)
269,김선욱 교수님,디지털시스템
270,김동승 교수님,디지털시스템
271,석준희 교수님,확률및랜덤프로세스(영강)
272,김운경 교수님,확률및랜덤프로세스
273,백상헌 교수님,확률및랜덤프로세스
274,김종옥 교수님,확률및랜덤프로세스
275,안춘기 교수님,공학수학Ⅰ(영강)
276,Beelee Chua 교수님,공학수학Ⅰ(영강)
277,김미정 교수님,공학수학Ⅰ
278,도락주 교수님,공학수학Ⅰ
279,이재성 교수님,전자회로I(영강)
280,박종선 교수님,전자회로I(영강)
281,김용신 교수님,전자회로I(영강)
282,이형민 교수님,전자회로I(영강)
283,고한석 교수님,전자회로설계및실험I
284,김규태 교수님,전자회로설계및실험I
285,박정호 교수님,전자회로설계및실험I
286,박종선 교수님,전자회로설계및실험I
287,유지윤 교수님,전자회로설계및실험I
288,유현용 교수님,전자회로설계및실험I
289,이인규 교수님,전자회로설계및실험I
290,이재성 교수님,전자회로설계및실험I
291,김용신 교수님,전자회로설계및실험I(영강)
292,윤태웅 교수님,신호와시스템
293,고한석 교수님,신호와시스템(영강)
294,설상훈 교수님,신호와시스템
295,엄두섭 교수님,통신시스템Ⅰ
296,이상현 교수님,통신시스템Ⅰ(영강)
297,김운경 교수님,통신시스템Ⅰ
298,김문일 교수님,전자장
299,전상근 교수님,전자장(영강)
300,박정호 교수님,반도체공학Ⅰ
301,유현용 교수님,반도체공학Ⅰ(영강)
302,최린 교수님,컴퓨터구조
303,이병준 교수님,전력공학Ⅰ
304,장길수 교수님,전력공학Ⅰ
305,주성관 교수님,전력공학Ⅰ
306,박정호 교수님,종합설계Ⅰ
307,김선욱 교수님,종합설계Ⅰ
308,엄두섭 교수님,종합설계Ⅰ
309,주병권 교수님,전기전자재료공학
310,김규태 교수님,전기전자재료공학
311,이철진 교수님,나노전자공학
312,정창성 교수님,병렬컴퓨팅
313,이상빈 교수님,전기기기Ⅱ(영강)
314,허준 교수님,정보및부호화이론
315,백상헌 교수님,통신네트워크설계
316,이인규 교수님,통신신호처리
317,전상근 교수님,RF공학
318,석준희 교수님,객체지향프로그래밍언어및실습(영강) Flipped Class 시행 강의임
319,황인준 교수님,데이터베이스
320,김황남 교수님,컴퓨터네트워크
321,주성관 교수님,전력경제
322,김철우 교수님,아날로그집적회로
323,박종선 교수님,VLSI설계및실험(영강)
324,김창수 교수님,컴퓨터비젼
325,박영우 교수님,반도체프로세스
326,유지윤 교수님,전력전자공학
327,고성제 교수님,디지털영상처리
328,유철상 교수님,건축사회환경공학의미래 (신입생(17학번)만 수강가능)
329,강경인 교수님,건축시스템의이해
330,박희등 교수님,환경화학(영강)
331,이종섭 교수님,공업수학I(영강)
332,이재상 교수님,공업수학I(영강)
333,노준홍 교수님,공업수학I(영강)
334,유철상 교수님,유체역학및실험
335,손상영 교수님,유체역학및실험(영강)
336,공정식 교수님,구조역학I(영강)
337,한상윤 교수님,재료역학실험
338,지광습 교수님,"재료역학(영강) (available only to civil, environmental and architectural engineering students)"
339,이종구 교수님,건설재료및실험(영강)
340,주영규 교수님,초고층공학(영강) (75분 수업)
341,강승모 교수님,측량학및실습(영강)
342,김정홍 교수님,제도및BIM기초설계
343,박성모 교수님,제도및BIM기초설계 (4학년 수강불가)
344,최항석 교수님,토질공학 (강의실변경:신공학관B101)
345,윤영수 교수님,철근콘크리트구조설계I
346,주영규 교수님,강구조설계I (월:12시35분 시작)
347,한상윤 교수님,강구조설계I
348,최항 교수님,구조역학II
349,최항석 교수님,수치해석(영강) (창의관101:전산실)
350,홍승관 교수님,환경공학Ⅱ(영강)
351,백경록 교수님,수문학(영강)
352,조훈희 교수님,건축시공(영강)
353,임현수 교수님,건축시공
354,홍택 교수님,건축설계II
355,박창희 교수님,건축설계II
356,정동휘 교수님,도시급배수망전산설계 (제1실험관204:전산실)
357,이학은 교수님,전산구조해석입문 (창의관101:전산실)
358,유위성 교수님,공정관리
359,임종권 교수님,가치공학
360,"공정식,최항석주영규,박희등 교수님",건설종합설계I (사회인프라 전공)
361,"강경인,이종구조훈희,강승모 교수님",건설종합설계I (건설시스템경영및관리 전공)
362,김지상 교수님,건축구조설계론
363,김창원 교수님,유지관리론
364,손상혁 교수님,사업비관리
365,노준홍 교수님,태양광시스템설계(영강)
366,강경연 교수님,건축과도시의이해
367,"김자영,명재범 교수님",건축설계Ⅰ(영강) (강의실:제2공학관 548)
368,"이은정,서민범 교수님",건축설계Ⅰ(영강) (강의실:제2공학관 525)
369,"Fabio Dacarro,최윤희 교수님",건축설계Ⅰ(영강) (강의실:제2공학관 534)
370,"Santiago-Porras Alvarez,남지원 교수님",건축설계Ⅰ(영강) (강의실:제2공학관 531A)
371,"맹희재,양미란 교수님",건축설계Ⅰ(영강) (강의실:제2공학관 532)
372,이명도 교수님,구조의이해
373,김현섭 교수님,서양건축사(영강)
374,박은주 교수님,기초설계(영강) (501~515)
375,박창현 교수님,기초설계 (516~끝번)
376,임경희 교수님,기초설계 (516~끝번)
377,심재명 교수님,기초설계 (516~끝번)
378,김언용 교수님,디지털스튜디오
379,김유진 교수님,디지털스튜디오(영강)
380,음성우 교수님,건축구조계획
381,김세용 교수님,도시계획및설계
382,김동현 교수님,도시계획및설계
383,이명도 교수님,건축시공학
384,김강수 교수님,건축환경계획I
385,김성식 교수님,건축환경계획I
386,"이은정,이해원 교수님",건축설계Ⅲ(캡스톤디자인)(영강) (강의실:제2공학관 525)
387,"고광석,홍태선 교수님",건축설계Ⅲ(캡스톤디자인) (강의실:제2공학관 551)
388,"Fabio Dacarro,송률 교수님",건축설계Ⅲ(캡스톤디자인)(영강) (강의실:제2공학관 547B)
389,"안상현,곽희정 교수님",건축설계Ⅲ(캡스톤디자인) (강의실:제2공학관 545)
390,박정은 교수님,건축과행태
391,박소연 교수님,건축과행태
392,김현섭 교수님,현대건축사
393,김세진 교수님,구조디자인(영강)
394,"여영호,홍근표 교수님",건축설계Ⅴ(캡스톤디자인) (강의실:제2공학관 535)
395,"박소영,이종걸 교수님",건축설계Ⅴ(캡스톤디자인)(영강) (강의실:제2공학관 538B)
396,"Fabio Dacarro,이재우 교수님",건축설계Ⅴ(캡스톤디자인)(영강) (강의실:제2공학관 538A)
397,손상혁 교수님,도시개발
398,Santiago-Porras Alvarez 교수님,빌딩시스템(영강)
399,홍근표 교수님,건축설계실무
400,Daniel Oh 교수님,건축마케팅(영강)
401,"여영호,이민화 교수님",건축설계Ⅶ(캡스톤디자인) (강의실:제2공학관 537)
402,"Santiago-Porras Alvarez,이관직 교수님",건축설계Ⅶ(캡스톤디자인)(영강) (강의실:제2공학관 531B)
403,"김자영,양웅 교수님",건축설계Ⅶ(캡스톤디자인)(영강) (강의실:제2공학관 536)
404,"홍택,이재우 교수님",건축설계Ⅶ(캡스톤디자인)(영강) (강의실:제2공학관 541)
405,봉기완 교수님,유체역학(영강)
406,김종엽 교수님,유체역학
407,안동준 교수님,물리화학
408,이정현 교수님,물리화학(영강) 신공학관 B104호에서 수업 진행
409,최정규 교수님,공업수학I(영강) 신공학관 B101호에서 수업 진행
410,김종엽 교수님,공업수학I
411,방준하 교수님,유기화학Ⅰ 신공학관 B101호에서 수업 진행
412,이정현 교수님,유기화학Ⅰ(영강)
413,송광호 교수님,반응공학(영강)
414,이관영 교수님,반응공학
415,이기봉 교수님,분리공정(영강) 신공학관 B105호에서 수업 진행
416,봉기완 교수님,분리공정(영강)
417,정현욱 교수님,공정제어
418,정현욱 교수님,수치해석 신공학관 B104호에서 수업 진행
419,김지현 교수님,반도체화학공정 신공학관 B104호에서 수업 진행
420,이정현 교수님,지식경영Ⅰ
421,이지원 교수님,미생물생명공학
422,하정숙 교수님,화공재료과학
423,오민규 교수님,응용생화학
424,오민규 교수님,화공생명공학연구방법및동향
425,Anzar Khan 교수님,고분자화학(영강)
426,김승욱 교수님,생물분리공정(영강)
427,봉기완 교수님,학부세미나Ⅰ
428,임상혁 교수님,공정및제품설계
429,김승욱 교수님,화공생명공학실험Ⅱ
430,송광호 교수님,화공생명공학실험Ⅱ
431,정현욱 교수님,화공생명공학실험Ⅱ
432,박인원 교수님,국제통상원론(영강)
433,이수훈 교수님,국제관계원론(영강)
434,James William Potter 교수님,세계화의이해(영강)
435,박성훈 교수님,국제통상정책의이론과실제(영강)
436,이동은 교수님,금융시장및금융기관(영강)
437,정서용 교수님,국제기구론(영강)
438,김정호 교수님,국제경영의이해(영강)
439,정세원 교수님,유럽지역입문(영강)
440,심상민 교수님,한국과국제법(영강)
441,정지희 교수님,동아시아문명의이해(영강)
442,박영철 교수님,국제금융:이론및실제(영강)
443,강문성 교수님,세계화와경제개발(영강)
444,김병기 교수님,국제관계특강I(영강)
445,이진원 교수님,세계화와인권(영강)
446,한정선 교수님,전후일본과동아시아(영강)
447,김성한 교수님,북미국제관계(영강)
448,이재승 교수님,에너지와국제관계(영강)
449,서두원 교수님,세미나:세계화와주요이슈(영강)
450,이승호 교수님,국제개발특강I(영강)
451,이재승 교수님,개발협력의주요이슈(영강)
452,박은숙 교수님,서울의이해 (GKS융합전공자에 한함)
453,최은옥 교수님,한국희곡의이해와실습 (GKS융합전공자에 한함)
454,조혜림 교수님,국제개발협력 (GKS융합전공자에 한함)
455,"정종미,구본아 교수님",2D기초조형
456,정소연 교수님,2D기초조형
457,이형욱 교수님,2D기초조형
458,차주천 교수님,디자인표현기법
459,노주현 교수님,디자인표현기법 패션디자인&머천다이징
460,유해영 교수님,4D컴퓨터그래픽
461,인치호 교수님,제품디자인스튜디오ㅣ
462,김현 교수님,디자인과발상
463,염성업 교수님,재료와프로세스
464,"문활람,구모경 교수님",종이&섬유
465,배희경 교수님,드로잉실기
466,이예승 교수님,드로잉실기
467,김수영 교수님,평면재료기법
468,지상덕 교수님,현대벽화연구(영강)
469,이수정 교수님,테라코타와조형
470,이승미 교수님,기초디자인-2D
471,차주천 교수님,제품디자인스튜디오lll
472,강신혁 교수님,제품디자인스튜디오lll
473,박승민 교수님,디자인인간요소(영강)
474,유승헌 교수님,디자인방법론
475,이태일 교수님,인터랙션디자인
476,인치호 교수님,공공디자인(영강)
477,구본아 교수님,수묵의현대적모색
478,김은형 교수님,설치미술
479,노충현 교수님,회화기법연구
480,서용 교수님,한국화-채색I
481,유승헌 교수님,제품시스템디자인(영강)
482,박승민 교수님,제품개발(영강)
483,이태일 교수님,디지털디자인프로젝트
484,김영민 교수님,디자인브랜딩
485,"정종미,한은선 교수님",한국화스튜디오l
486,이문정 교수님,미술비평세미나
487,이기봉 교수님,개념제시연구
488,박태동 교수님,FORM & SPACE
489,"김경현,손병석 교수님","인문융합세미나 문과대 1소속자만 수강가능,이중/복수/부전공수강불가,문과대 홈페이지공지 필수확인"
490,"윤인진,이창호 교수님","인문융합세미나 문과대 1소속자만 수강가능,이중/복수/부전공수강불가,문과대 홈페이지공지 필수확인"
491,김순성 교수님,라틴아메리카의정치경제
492,조영삼 교수님,라틴아메리카의기업경영
493,조혜진 교수님,기초스페인어
494,임은숙 교수님,기초포르투갈어
495,김영신 교수님,라틴아메리카인적자원관리
497,홍정하 교수님,"언어,뇌,컴퓨터의이해"
498,김동광 교수님,대중의과학이해(PUS)와과학커뮤니케이션
499,강윤재 교수님,과학기술과위험사회
500,Jeffrey Holliday 교수님,무제강좌(영강)
501,최귀묵 교수님,한국문학의이해 (국어국문학과 1학년만 수강)* N/A Foreigners
502,이형대 교수님,한국문학의이해 (국문과 1학년 이외의 학생 수강)* N/A Foreigners
503,김기형 교수님,한국문학의이해 (외국인만 수강)* Only for Foreigners
504,홍정하 교수님,한국어정보처리
505,곽효환 교수님,현대시론
506,오형엽 교수님,현대비평론
507,이상우 교수님,현대희곡론
508,강상순 교수님,고전문학사
509,김기형 교수님,구비문학론
510,장효현 교수님,고전소설론
511,강헌국 교수님,현대소설론
512,박치범 교수님,국어교과교육론 *담당교수 변경(장예준->박치범)
513,장예준 교수님,국어교과교재연구및지도법
514,신지영 교수님,한국어음운의이해 강의실변경: 교양관404호->법학신관501호
515,서태길 교수님,한국어의미의이해
516,강헌국 교수님,소설창작연습
517,백진우 교수님,한국한문학개론
518,이형대 교수님,고전시가강독
519,김정숙 교수님,외국어로서의한국어교육
520,권보드래 교수님,"한국근대문학자료강독 - 수업시간: 화목금 34교시(교양관 105호), - Tutorial: 금 34교시(3/24~5/12)"
521,최창원 교수님,한국어방언의이해
522,장경준 교수님,한국어학강독
523,김진규 교수님,중급러시아어I(외국어강의)
524,김혁 교수님,중급러시아어I(외국어강의)
525,석영중 교수님,러시아문학기행
526,Valentina A Bojko 교수님,중급러시아어회화I(외국어강의)
527,김진원 교수님,러시아어의구조
528,이형숙 교수님,러시아문학과영상예술I
529,홍지인 교수님,러시아일상문화
530,이명현 교수님,러시아정교와사상
531,고일 교수님,근대러시아소설
532,고일 교수님,러시아문학강독과번역I
533,Valentina A Bojko 교수님,고급러시아어회화I(외국어강의)
534,변현섭 교수님,러시아사회의이해
535,최정현 교수님,러시아문학사I
536,박현아 교수님,러시아어작문연습
537,이남경 교수님,고급러시아어I(외국어강의)
538,윤성학 교수님,중앙아시아역사와민속문화
539,최진희 교수님,러시아문화사
540,정영주 교수님,슬라브언어와문화
541,정지윤 교수님,러시아어교과교육론
542,김혜란 교수님,러시아작가론|
543,Valentina A Bojko 교수님,시사러시아어연습I(외국어강의)
544,윤창용 교수님,CIS 지역학
545,김혁 교수님,러시아어토르플I(외국어강의)
546,김선안 교수님,러시아어교과논리및논술
547,윤성학 교수님,동북아시아와한러관계사
548,박성철 교수님,독어학개론
549,김용현 교수님,독문학개론
550,Christoph Seifener 교수님,독일명작의고향(외국어강의)
551,김용현 교수님,독일문화의이해
552,전지선 교수님,독어어휘연습I
553,김재혁 교수님,독시선독
554,이경미 교수님,독희곡의이해
555,이은희 교수님,독일문화산업
556,이상욱 교수님,독해와문법Ⅰ
557,Harald Gaerber 교수님,독어 CEFR B I-I(외국어강의)
558,Malte Kelpin 교수님,독어 CEFR B I-I(외국어강의)
559,박성철 교수님,독일어텍스트의이해
560,Malte Kelpin 교수님,ZD회화연습BI(외국어강의)
561,Harald Gaerber 교수님,인터액티브독일어I(외국어강의)
562,"Christoph Seifener,전지선 교수님",독일어작문(외국어강의)
563,유진영 교수님,독일지역학
564,Judith Janna Maertens 교수님,독일어권법문화의이해(외국어강의)
565,유진영 교수님,독일문화특수과제Ⅰ
566,최경인 교수님,영상번역
567,이은희 교수님,통일전후의독일문화
568,강충룡 교수님,프랑스어문법
569,Simon Kim 교수님,프랑스어말하기(외국어강의)
570,Simon Kim 교수님,번역프랑스문학(외국어강의)
571,박선희 교수님,집중프랑스어(외국어강의)
572,손주경 교수님,프랑스문학의이해(외국어강의)
573,강충룡 교수님,프랑스어의이해
574,이미선 교수님,비지니스프랑스어(외국어강의)
575,김화영 교수님,프랑스문학사I
576,김대영 교수님,불한대조분석(외국어강의)
577,이선희 교수님,아동문학번역(외국어강의)
578,유재화 교수님,프랑스어와미디어
579,지영래 교수님,프랑스어권문학(외국어강의)
580,김준현 교수님,프랑스시의이해(외국어강의)
581,조주은 교수님,프랑스문화산업(외국어강의)
582,정명희 교수님,프랑스어교과교육론
583,Jeanmaire Guillaume 교수님,실용텍스트번역(외국어강의)
584,조재룡 교수님,프랑스문학과비평의흐름(외국어강의)
585,최호근 교수님,역사학개론
586,이석현 교수님,동아시아사입문
587,원태준 교수님,서양사입문(영강)
588,김진우 교수님,중국문명과제국체제
589,이훈 교수님,중국근세사
590,김경현 교수님,서양고대사
591,염운옥 교수님,서양근세사
592,최호근 교수님,서양최근세사
593,Frederic Thial de Bordenave 교수님,프랑스문화사(영강)
594,한해정 교수님,독일문화사
595,신지혜 교수님,미국문화사(영강)
596,조명철 교수님,일본사
597,박상수 교수님,동아시아현대사
598,유희수 교수님,중세교회와세속문화
599,홍성곤 교수님,서양의자본주의와제국주의
600,"REN, Jidong 교수님",중국사특강Ⅰ(외국어강의)
601,Kathryn Weathersby 교수님,서양사특강Ⅰ(영강)
602,이형식 교수님,일본사특강
603,이선애 교수님,내륙아시아와중화세계
604,홍성태 교수님,한국사회의구조와변동
605,김수한 교수님,사회조직론(영강)
606,윤인진 교수님,사회심리학
607,고형면 교수님,사회문제론
608,황정미 교수님,"젠더,국가와정책"
609,안호용 교수님,사회인류학
610,장신옥 교수님,환경사회학(영강)
611,조한범 교수님,북한사회의이해
612,박길성 교수님,사회학적상상력 (사회학과 1학년만 수강가능)
613,이윤경 교수님,"사회학적상상력(영강) (사회학과 2,3,4학년 및 타과 수강 가능)"
614,박형신 교수님,사회학발달사
615,민문홍 교수님,현대사회학이론
616,김선업 교수님,사회조사방법
617,이진우 교수님,사회통계(영강)
618,김경필 교수님,사회발전론
619,김종태 교수님,비교사회학
620,김철규 교수님,한국의사회와문화 (GKS 융합전공 이수자에 한함:외국인만 수강)
621,이종선 교수님,직업과사회
622,박수호 교수님,종교사회학
623,손인서 교수님,질적연구방법
624,이문호 교수님,노동사회학
625,김진영 교수님,건강과의료의사회학(영강)
626,김경은 교수님,일반사회교과교육론
627,이지훈 교수님,문화사회학(영강)
628,홍성태 교수님,정치사회학
629,장안식 교수님,범죄사회학
630,김수영 교수님,노년사회학
631,정일준 교수님,역사사회학(영강)
632,임인숙 교수님,몸과섹슈얼리티
633,송인주 교수님,식품과사회
634,김인춘 교수님,사회문제와사회정책
635,노형남 교수님,시청각스페인어I 교양관108호로 강의실 변경
636,정인태 교수님,중급스페인어연습I(외국어강의)
637,장재원 교수님,스페인어산문강독(외국어강의)
639,노형남 교수님,스페인어학개론
640,노형남 교수님,서중남미지역학I 화요일 교양관201호로 강의실 변경
641,박수경 교수님,라틴아메리카문화사
642,김재선 교수님,서문학사
643,김선욱 교수님,스페인시
644,배지완 교수님,라틴아메리카문학사
645,배지완 교수님,라틴아메리카소설
646,최은경 교수님,라틴아메리카식민지시대연구
647,김희순 교수님,스페인·라틴아메리카정치와사회변동
648,양성혜 교수님,스페인어교수법(외국어강의)
649,조영현 교수님,스페인어권사회의이해(외국어강의)
650,김선욱 교수님,스페인희곡
651,남영우 교수님,스페인중세문학
652,남영우 교수님,스페인사상사(외국어강의)
653,안영옥 교수님,돈키호테론
654,정혜윤 교수님,스페인어음성음운론(외국어강의)
655,정혜윤 교수님,사회언어학
656,조혜진 교수님,라틴아메리카문화사회학
657,오일석 교수님,라틴아메리카기호학마케팅방법론
658,Sebastian Patron Saade 교수님,라틴아메리카문학이론연구(외국어강의)
659,정혜윤 교수님,라틴아메리카조사방법론
660,배지완 교수님,인턴십Ⅰ
661,배지완 교수님,인턴십Ⅱ
662,조양석 교수님,심리학의기초I
663,고영건 교수님,심리학의기초II
664,최은수 교수님,심리통계 심리통계실습(PSYC206-00)수강자만 수강가능
665,구민모 교수님,심리통계
666,최은수 교수님,심리통계실습 (일반강의실에서 진행되므로 노트북지참 필수)/심리통계(PSYC204-00)수강자만 수강가능
667,구민모 교수님,심리통계실습
668,김채연 교수님,감각및지각심리학(영강)
669,고영건 교수님,성격심리학
670,박동건 교수님,"산업심리학 (재수강 불가, 교생실습생 수강 불가)"
671,성영신 교수님,소비자심리학
672,최준식 교수님,생물심리학(영강)
673,허태균 교수님,사회심리학
674,박선웅 교수님,사회적행동과개인차(영강)
675,남기춘 교수님,인지심리학
676,김선영 교수님,이상심리학(영강)
677,양은주 교수님,집단상담(영강)
678,최승혁 교수님,법과인간행동
679,김현택 교수님,동기와정서
680,조양석 교수님,주의와반응선택(영강)
681,김학진 교수님,사회신경과학(영강)
682,최기홍 교수님,정신재활(영강)
683,강범모 교수님,일반언어학
684,박미경 교수님,음운론
685,강아름 교수님,언어와논리(영강)
686,최재웅 교수님,화용론
687,황유미 교수님,언어학이론응용
688,이진영 교수님,언어와미디어
689,이주영 교수님,개별언어I
690,정유진 교수님,문법론(영강)
691,김성도 교수님,사회언어학
692,홍정하 교수님,언어학특강I
693,정유진 교수님,언어학강독I(영강) 담당교수님: 김은호 교수님에서 정유진 교수님으로 변경
694,장성현 교수님,영미시개론(영강)
695,이단비 교수님,영미희곡개론
696,강선미 교수님,영어학개론
697,김현진 교수님,영어학개론(영강)
698,이지영 교수님,영어학개론(영강)
699,Peter McAuley 교수님,전공영문글쓰기(영강)
700,Kathleen Lee 교수님,전공영문글쓰기(영강)
701,임현양 교수님,고전영문학의흐름(영강)
702,김준삼 교수님,영미문학과대중문화
703,Peter McAuley 교수님,영미문학과영화(영강)
704,박현주 교수님,영어의사회언어학(영강)
705,신혜원 교수님,현대미국소설(영강)
706,전범수 교수님,영미시연구(영강)
707,김양순 교수님,미국시
708,배경진 교수님,19세기영국소설(영강)
709,김기호 교수님,영어발달사
710,김정석 교수님,영어통사론
711,황은하 교수님,영어통사론(영강)
712,하인혜 교수님,비평이론
713,전준택 교수님,영국희곡
714,윤희기 교수님,미국산문
715,최성희 교수님,번역연습
716,이삼출 교수님,번역연습
717,남호성 교수님,영어학연구(영강)
718,최소담 교수님,초기미국문학(영강)
719,안선영 교수님,영미문학과젠더(영강)
720,Peter McAuley 교수님,영미문학특수과제Ⅰ(영강)
721,진경혜 교수님,영미문학특수과제Ⅰ
722,신정화 교수님,심리언어학(영강)
723,안선영 교수님,최근영미문학(영강)
724,김현진 교수님,영어교과교재연구및지도법(영강)
725,문희경 교수님,영문학과계몽주의
726,"김성도,지승학 교수님",인문학과문화산업
727,김기형 교수님,한국문화와한류
728,김범인 교수님,응용논리학
729,조민하 교수님,소통과언어
730,김청균 교수님,일본근현대문학의이해(외국어강의)
731,류정훈 교수님,일본언어문화의세계(외국어강의)
732,치바사유리 교수님,일본어학의이해Ⅱ(외국어강의)
733,김보경 교수님,일본근현대소설의이해(영강-외국어강의)
734,김충영 교수님,일본전통극의이해
735,이지은 교수님,초급일본어작문
736,Sugimoto Shogo 교수님,중급일본어작문(외국어강의)
737,채성식 교수님,초급일본어독해(외국어강의)
738,이승신 교수님,중급일본어독해(외국어강의)
739,Sugimoto Shogo 교수님,초급일본어회화(외국어강의)
740,김학순 교수님,중급일본어회화(외국어강의)
741,김영근 교수님,글로벌시대의지역경제와일본(외국어강의)
742,오승희 교수님,현대일본의국제관계(외국어강의)
743,송완범 교수님,동아시아역사와한일문화
744,오승희 교수님,일본의정치세력:보수와혁신(외국어강의)
745,김수미 교수님,일본풍토와건축공간(외국어강의)
746,류정훈 교수님,일본미디어와문화콘텐츠(외국어강의)
747,Sugimoto Shogo 교수님,일본근현대문학과영상문화(외국어강의)
748,조경 교수님,일본고전문학사(외국어강의)
749,조영남 교수님,일본어담화분석론(외국어강의)
750,백이연 교수님,일본사회와언어(외국어강의)
751,정병호 교수님,일본어문학문화와한국(외국어강의)
752,채성식 교수님,일본어화용론
753,편용우 교수님,일본공연과예술(외국어강의)
754,김용철 교수님,근대일본의전쟁과예술(외국어강의)
755,김현아 교수님,일본어학응용연구(외국어강의)
756,김계자 교수님,일본디아스포라문학(외국어강의)
757,조영남 교수님,일본어교과교육론(외국어강의)
758,김충영 교수님,일본전통시가의이해
759,김주희 교수님,중국어회화I(외국어강의)
760,김명학 교수님,중국어회화I(외국어강의)
761,정명숙 교수님,중국어회화I(외국어강의)
762,홍서연 교수님,중급중국어강독I
763,김영민 교수님,"중급중국어강독I 중문과 전공학생 수강 권고(제1,이중,부,복수)"
764,이현복 교수님,중급중국어강독I
765,Lixin Jin 교수님,현대중국어문법I(외국어강의)
766,최용철 교수님,중국고전문학사I
767,신봉수 교수님,현대중국사회의이해
768,조동매 교수님,고급중국어연습I(외국어강의)
769,조동매 교수님,중국어작문I(외국어강의)
770,Lixin Jin 교수님,"중국어작문I(외국어강의) 중국,대만,홍콩 학생 수강 불가"
771,김숙향 교수님,중국고전강독I(외국어강의)
772,홍윤기 교수님,중국고전강독I(외국어강의)
773,윤순일 교수님,중국고전강독I(외국어강의)
774,안예선 교수님,중국고전강독I(외국어강의)
775,김준연 교수님,중국고전시가I
776,김지선 교수님,중국고전소설I
777,최규발 교수님,중한언어비교
778,권운영 교수님,중국의공연예술
779,홍윤기 교수님,중국문학과인문지리
780,조동매 교수님,중국어세미나I(외국어강의)
781,김윤수 교수님,중국현대문학비평
782,김종석 교수님,중국문학과영상문화
783,김선 교수님,중국어교과교육론
784,임홍빈 교수님,형이상학
785,정인교 교수님,기호논리학
786,하종호 교수님,인식론 (강의시간: 12시~13시 15분)
787,손병석 교수님,서양고대철학
788,이승환 교수님,중국선진철학
789,오상무 교수님,중국양한위진철학
790,임홍빈 교수님,서양근세철학
791,이재훈 교수님,현상학
792,정인교 교수님,귀납논리
793,조성택 교수님,불교철학특강
794,성창원 교수님,윤리학특강
795,한재훈 교수님,한국철학연습
796,정창호 교수님,철학교과교재연구및지도법
797,Leighanne Kimberly Yuh 교수님,무제강좌(영강)
798,박대재 교수님,고적조사실습
799,허은 교수님,고적조사실습
800,강제훈 교수님,한국역사입문I
801,박대재 교수님,한국문화의기원
802,김창현 교수님,고려전기사
803,강제훈 교수님,조선전기사
804,한승훈 교수님,한국근대사
805,이송순 교수님,한국현대사I 담당교수 : 정태헌 → 이송순
806,김경태 교수님,한국고중세사연습
807,김재웅 교수님,북한의한국사연구동향
808,최종호 교수님,박물관학개설
809,허은 교수님,한국근현대미디어와역사이해
810,윤경희 교수님,맹자읽기I
811,변영문 교수님,서예의감상과실습I
812,심경호 교수님,한자의이해
813,송혁기 교수님,한문학과문화유산
814,김정숙 교수님,한문소설의세계
815,김언종 교수님,논어읽기
816,김연수 교수님,한문교과교재연구및지도법
817,임준철 교수님,한국한문고전세미나
818,박영민 교수님,한국한문학작가론
819,김윤섭 교수님,불교적사유와문화
820,유호진 교수님,오경읽기
821,김진경 교수님,한문교과논리및논술
822,마동훈 교수님,미디어학입문 미디어학부 2017학번 신입생
823,최현철 교수님,미디어학입문
824,이용원 교수님,미디어글쓰기
825,김학순 교수님,미디어글쓰기
826,박성희 교수님,미디어글쓰기
827,김성희 교수님,미디어글쓰기
828,허만섭 교수님,미디어글쓰기 강의실 변경
829,노광우 교수님,방송영화론(영강)
830,노광우 교수님,방송영화론(영강) 외국인학생 전용반
831,김형신 교수님,영상미학이론(영강)
832,김영훈 교수님,조직커뮤니케이션(영강)
833,이소은 교수님,디지털사회의이해
834,최세정 교수님,광고관리론(영강)
835,정연권 교수님,퍼블릭스피치와프리젠테이션(영강)
836,이준복 교수님,국제커뮤니케이션
837,이준복 교수님,국제커뮤니케이션 외국인학생 전용반
838,이소영 교수님,출판기획제작
839,최은경 교수님,미디어와사회변동(영강)
840,Hee Sun Park 교수님,인간커뮤니케이션(영강)
841,박정찬 교수님,미디어와여론
842,이은택 교수님,다큐멘타리제작실습
843,정세훈 교수님,설득커뮤니케이션(영강)
844,정원준 교수님,"PR캠페인 학과 사정으로 강의시간 변경 및 강사 교체 예정임[목요일 3,4,5교시(12:35 - 15:15)]"
845,이헌율 교수님,방송영화기초제작실습
846,김소형 교수님,정치커뮤니케이션(영강)
847,이화섭 교수님,방송뉴스리포팅
848,박지훈 교수님,다문화사회와미디어(영강)
849,구윤희 교수님,온라인저널리즘실습
850,박형석 교수님,광고와창의성
851,곽윤섭 교수님,보도사진이론및실습
852,마동훈 교수님,대중문화연구 수업시간[12:00 - 13:15]
853,박재영 교수님,탐사기획보도
854,함영준 교수님,탐사기획보도
855,배근민 교수님,인터넷커뮤니케이션(영강)
856,천성재 교수님,광고PR제작실습
857,김종국 교수님,방송뉴스리포팅고급
858,김성태 교수님,언론정보특강
859,문미리 교수님,미디어캠페인기획(영강)
860,김수미 교수님,비판커뮤니케이션
861,최현철 교수님,미디어연구방법
862,김정현 교수님,미디어정책론
863,권오범 교수님,광고PR특강
864,박지훈 교수님,한국의문화와미디어(영강)
865,최믿음 교수님,한국의문화와미디어 외국인학생 전용반
866,홍영기 교수님,형사소송법
867,김인현 교수님,상법총칙ㆍ상행위법
868,차진아 교수님,헌법
869,윤정인 교수님,헌법
870,김소연 교수님,헌법
871,김상중 교수님,민법
873,강수진 교수님,형법
874,정승환 교수님,형법
875,장완규 교수님,민사소송법 (자유전공학부 및 융합전공 대상)
876,김태진 교수님,기업의설립·운영과법
877,"강병근,오시진 교수님",국제법
878,이희정 교수님,행정법
879,박정연 교수님,행정법총론
880,김동현 교수님,민사소송법(상)
881,이호행 교수님,물권법론
882,노현숙 교수님,IT법
883,이재형 교수님,국제경제법
884,김현아 교수님,국제사법
885,권순욱 교수님,신경해부학
886,김준선 교수님,치료인자(영강)
887,정진웅 교수님,신경계물리치료
888,김정철 교수님,신경외과
889,윤범철 교수님,운동치료학II(응용원리)
890,송창호 교수님,심호흡계물리치료
891,김형규 교수님,내과학
892,김준선 교수님,운동생리학
893,임정훈 교수님,임상통계학
894,박제원 교수님,의생명과학실험I(영강)
895,손영선 교수님,유전학
896,이하나 교수님,미생물학(영강)
897,홍성회 교수님,분자생물학
898,임영희 교수님,면역학
899,홍성회 교수님,줄기세포생물학(영강)
900,신민정 교수님,질병영양대사(영강)
901,서형주 교수님,효소공학
902,정수현 교수님,식품미생물학
903,채선희 교수님,조리원리(영강)
904,김인환 교수님,식품학I
905,은복기 교수님,내분비학
906,박재용 교수님,신경과학(영강)
907,박정현 교수님,바이러스학
908,윤성원 교수님,식품재료학
909,송재철 교수님,생물소재저장학
910,홍성용 교수님,식품안전및독성학
911,김영순 교수님,식문화및스타일링
912,박제원 교수님,인체정보학(영강)
913,윤명근 교수님,의학물리
914,최영운 교수님,공학수학I(영강)
915,조규동 교수님,공학수학I
916,김법민 교수님,생체역학(영강)
917,전용혁 교수님,해부학
918,염정열 교수님,회로이론(영강)
919,최연호 교수님,유기화학(영강)
920,성준경 교수님,생체정보학(영강)
921,윤대성 교수님,생화학(영강)
922,윤대성 교수님,분자생물학(영강)
923,김수진 교수님,전자회로
924,최영운 교수님,생체전달시스템(영강)
925,성준경 교수님,의료영상
926,배재건 교수님,생체신호처리
927,고영학 교수님,생체재료(영강)
928,고영학 교수님,의공학실험II
929,윤대성 교수님,의공학실험II
930,이규백 교수님,의공학실험II
931,김법민 교수님,바이오포토닉스(영강)
932,박용두 교수님,조직공학및재생의학
933,이규백 교수님,마이크로및나노기술(영강)
934,이정훈 교수님,바이오센서
935,김정민 교수님,영상정보학I
936,김익수 교수님,의료기기시스템
937,심현선 교수님,초음파영상학실습
938,김문찬 교수님,전산화단층영상학
940,최기봉 교수님,보건통계학개론
941,양지안 교수님,보건통계학개론
942,윤기찬 교수님,법과보건정책관리
943,최만규 교수님,보건의료조직관리론
944,김웅철 교수님,치아와건강
945,이종태 교수님,환경과건강(영강)
946,김승섭 교수님,사회역학개론(영강)
947,허현희 교수님,보건프로그램계획및평가
948,김경희 교수님,보건정책학
949,이준협 교수님,보건경제학
950,전진훈 교수님,기초치과재료학
951,김지환 교수님,치과보철학개론
952,이종태 교수님,역학과정책
953,최홍조 교수님,국제보건론
954,박기수 교수님,헬스커뮤니케이션
955,윤기찬 교수님,보건의료마케팅론(영강)
956,이태노 교수님,유헬스케어
957,"김총명,전진훈 교수님",치과CAD-CAM산업
958,김지환 교수님,보건산업론
959,정혜주 교수님,사회정책과건강(영강) Tutorial 제도 시행 강의임
960,최달웅 교수님,보건환경독성학
961,조용민 교수님,산업보건학
962,문경환 교수님,환경보건학
963,김성욱 교수님,보건환경생화학
964,류정록 교수님,진단화학및실험
965,김정민 교수님,방사선과학
966,김기현 교수님,기초수리학(영강)
967,유한나 교수님,보건자료처리(영강)
968,김승철 교수님,방사선생명과학
969,"손종렬,남인식 교수님",실내환경학
970,문경환 교수님,수질오염제어
971,김민영 교수님,대기질관리
972,이승관 교수님,신체방어시스템검사
973,이원호 교수님,방사선안전분석(영강)
974,김성욱 교수님,감염안전관리학
975,이인학 교수님,생태계와건강
976,이원호 교수님,원자력기초이론(영강)
977,손종렬 교수님,융합보건청정기술
978,심상효 교수님,작업환경측정및실험
979,이재민 교수님,영양학
980,최은희 교수님,식품유통과마케팅
981,이재민 교수님,급식경영
982,김수연 교수님,영양판정
983,정혜경 교수님,임상영양학
984,정수현 교수님,식품위생관계법규
985,김진관 교수님,임상화학및실험Ⅰ
986,홍성회 교수님,병리조직학및실험Ⅰ(영강)
987,조경진 교수님,임상혈액학및실험Ⅰ
988,김성욱 교수님,임상생리학및실험I
989,"박종경,장연 교수님",국소의치기공학실습
990,"심지영,김동연 교수님",치과도재기공학실습
991,강정호 교수님,공중보건학
992,이고은 교수님,의류학의이해 [1학년 우선 수강]
993,김경민 교수님,청년발달
994,임정하 교수님,아동가족연구법및실습(영강)
995,주인숙 교수님,가계재무관리
996,김유경 교수님,식품학(영강) [1학년 수강불가]
997,김유경 교수님,식품학실험 [1학년 수강불가]
998,정채영 교수님,영양학
999,이연숙 교수님,"가정교과교육론 [수강대상: 3,4학년으로 제한]"
1000,한영선 교수님,가정경영학의이해
1001,이예영 교수님,복식문화사
1002,기정화 교수님,패션산업구조(영강) (담당교원 변경 2017.02.10)
1003,손혜숙 교수님,"조리실습 [가정교육과 3,4학년 수강가능]"
1004,이하나 교수님,가정과문화
1005,정순화 교수님,부모교육
1006,"이혜원,강주희 교수님",패션정보및상품기획 (담당교원 변경 2017.02.10)
1007,강선보 교수님,교육철학
1008,김성일 교수님,교육심리학
1009,한용진 교수님,세계교육사
1010,홍후조 교수님,교육과정
1011,이용진 교수님,교육공학
1012,손승현 교수님,특수교육학개론(영강) 1학년 수강불가
1013,조대연 교수님,평생교육개론
1014,이보라 교수님,진로진학상담(영강)
1015,강현주 교수님,평생교육방법론(영강)
1016,백혜조 교수님,교육학교과교육론
1017,홍세희 교수님,초급교육통계(영강)
1018,신현석 교수님,교육행정학
1019,최윤진 교수님,다문화교육개론
1020,이상민 교수님,학교현장심리검사도구의활용(영강)
1021,봉미미 교수님,학습동기
1022,신창호 교수님,동서양고전강독
1023,김종윤 교수님,기업교육론(영강)
1024,이창희 교수님,한문학의이해
1025,이창희 교수님,한국문학의이해
1026,최정례 교수님,현대시선독
1027,박치범 교수님,소설교육론
1028,이순영 교수님,독서교육론
1029,정재림 교수님,국어교과논리및논술
1030,김유범 교수님,국어음운론
1031,"이남호,전경욱이창희,이관규김유범,이순영정재림 교수님",국어교과교육론 [1학년 수강]
1032,장정수 교수님,고대시가교육론
1033,전경욱 교수님,구비문학교육론
1034,양세희 교수님,중등문법교육론
1035,함희진 교수님,국어형태론
1036,전정옥 교수님,희곡교육론
1037,장예준 교수님,고전문학교육론
1038,김경화 교수님,화법교육론 3/8일 수업부터 교육관305호에서 수업
1039,이관규 교수님,문법과국어생활
1040,성은혜 교수님,현대문학사
1041,이남호 교수님,현대문학교육론 [국어교육과 4학년만 수강가능]
1042,김유범 교수님,훈민정음의이해
1043,정지현 교수님,한국어교육개론
1044,김지애 교수님,한국어교재및지도법
1045,권혁진 교수님,"해석학I 연습(금요일 3,4교시)"
1046,권순희 교수님,선형대수I 연습(수요일 2교시)
1047,정은경 교수님,통계학
1048,권혁진 교수님,미분방정식I 연습(화요일 6교시)
1049,권순희 교수님,"현대대수I 연습(수요일 2교시, 금요일 5교시)"
1050,서아림 교수님,위상수학I
1051,김용철 교수님,복소수함수론I
1052,김동중 교수님,컴퓨터와수학교육(영강)
1053,김영욱 교수님,미분기하I
1054,서아림 교수님,기하학교수이론과지도
1055,김재현 교수님,교사를위한이산수학
1056,황우형 교수님,수학교과교재연구및지도법
1057,안정환 교수님,정수론 연습(금요일 7교시)
1058,김용철 교수님,실함수론I
1059,권내현 교수님,한국사개론 역교 1학년만 수강 가능
1060,송진 교수님,중국고대사
1061,정순일 교수님,일본고대사
1062,김경란 교수님,한국근세사
1063,조영헌 교수님,중국근대사
1064,정순일 교수님,한일교섭의역사
1065,윤선자 교수님,서양근대사
1066,조영헌 교수님,역사교과교재연구및지도법(세계사I)
1067,백은진 교수님,"역사교과교육론 3, 4학년만 수강 가능"
1068,정대성 교수님,서양문화사
1069,김재웅 교수님,한국현대사
1070,원태준 교수님,서양사특강(영강)
1071,주수완 교수님,한국문화사
1072,이병련 교수님,"멀티미디어와역사교육 3, 4학년만 수강 가능"
1073,이상근 교수님,영어학입문(영강) (영어교육과 신입생 1번-33번)
1074,윤정회 교수님,영어학입문(영강) (영어교육과 신입생 34번-끝)
1075,"Grace Kim,Hamilton Chang 교수님",영어청해및회화I(영강) (영어교육과 신입생 1번-33번)
1078,고영희 교수님,영미문학교육(영강)
1079,"Grace Kim,Hamilton Chang 교수님",영어청해및회화II(영강) (영어교육과 신입생 1번-33번)
1080,"Grace Kim,Hamilton Chang 교수님",영어청해및회화II(영강) (영어교육과 신입생 34번-끝)
1081,"Grace Kim,Hamilton Chang 교수님",영어청해및회화II(영강) (전학년 수강가능)
1082,Michael Misner 교수님,고급영어독해(영강)
1083,Brian Atwood Stokes 교수님,고급영어독해(영강)
1084,이영주 교수님,고급영어독해(영강) [2/23일자로 담당교수 변경]
1085,Grace Kim 교수님,영어교과논리및논술(영강)
1086,Michael Misner 교수님,영어교과논리및논술(영강)
1087,이신숙 교수님,영어음성및음운구조(영강)
1088,강유선 교수님,"영어독해교육론(영강) (타과생, 교생 수강 불가; 첫주 수업 미출석시 정정기간내 추가 불가)"
1089,Hamilton Chang 교수님,영미문화의이해(영강)
1090,Brian Atwood Stokes 교수님,영미문화의이해(영강)
1091,황지연 교수님,영미아동문학강독(영강) (교생 참가자 수강 불가)
1092,Hamilton Chang 교수님,영어발표와실용영어(영강)
1093,Grace Kim 교수님,영어발표와실용영어(영강)
1095,김영신 교수님,영어발달과세계영어(영강)
1096,박태자 교수님,영어교과교육론(영강) (교생 참가자 수강 불가)
1097,백진경 교수님,영어교과교재연구및지도법(영강) (영어교과교육론 선이수자 수강가능)
1098,최석무 교수님,영미소설이해(영강)
1099,Brian Atwood Stokes 교수님,고급영어작문(영강)
1100,Michael Misner 교수님,고급영어작문(영강)
1101,정태구 교수님,영문법교육론
1102,김영미 교수님,영어멀티미디어교육론
1103,허명혜 교수님,영어습득론
1104,최인철 교수님,중등영어교육측정과평가(영강)
1105,황지연 교수님,영어극읽기(영강) (교생 참가자 수강 불가)
1106,정헌 교수님,영미시강독및지도연습
1107,신성희 교수님,인문지리학개론 지리교육과 1학년 필수
1108,성영배 교수님,지형학(영강)
1109,김종근 교수님,지도학
1110,김희순 교수님,촌락지리학
1111,홍금수 교수님,한국지리총론
1112,홍금수 교수님,야외지리조사III
1113,손승호 교수님,계량지리학
1114,홍금수 교수님,문화지리학
1115,박성근 교수님,세계지리
1116,홍서영 교수님,지리교과교육론
1117,김부성 교수님,사회지리학
1118,한동균 교수님,지리교수론
1119,홍성찬 교수님,지리조사법
1120,천종호 교수님,유럽지리
1121,김영호 교수님,지리과ICT교육론(영강) 지리정보론GEOG303 선수강or 담당교수 허락을 득한 학생
1122,김성규 교수님,골프교수법
1123,서민석 교수님,육상교수법Ⅰ
1124,박진훈 교수님,수영교수법Ⅰ
1125,최상협 교수님,수영교수법Ⅰ
1126,유정인 교수님,체육교육개론
1127,이진석 교수님,스포츠생리학
1128,박진훈 교수님,운동학습및심리(영강)
1129,이승규 교수님,체조교수법Ⅰ
1130,장성운 교수님,축구교수법
1131,이예승 교수님,댄스스포츠교수법
1132,김성규 교수님,체육진로교육및상담
1133,박종훈 교수님,스포츠영양학(영강)
1134,김태완 교수님,운동역학
1135,김태윤 교수님,배드민턴교수법
1136,이승규 교수님,체육사.철학
1137,최희동 교수님,스포츠마케팅
1138,김매이 교수님,여가복지론(영강)
1139,류태호 교수님,뉴스포츠교수법
1140,양재혁 교수님,농구교수법
1141,최영준 교수님,스포츠심리기술훈련
1142,송용관 교수님,코칭론
1143,정주혁 교수님,"체육교과교재연구및지도법(영강) 체육교육전공 2,3,4학년만 가능.수강신청 정정기간 이전부터 출석요망."
1144,김태윤 교수님,야외활동Ⅰ
1145,김수경 교수님,운동처방학
1146,류태호 교수님,체육교과논리및논술
1147,유정인 교수님,체육교육개론 체육특기자 외 수강금지
1148,박진훈 교수님,수영교수법 체육특기자 외 수강금지
1149,최상협 교수님,수영교수법 체육특기자 외 수강금지
1150,김진환 교수님,배드민턴교수법 체육특기자 외 수강금지
1151,안지영 교수님,요가 체육특기자 외 수강금지
1152,김성규 교수님,골프교수법 체육특기자 외 수강금지
1153,조재춘 교수님,교육용프로그래밍언어
1154,채정민 교수님,데이터베이스시스템
1155,유헌창 교수님,운영체제론
1156,지재원 교수님,패션저널리즘
1157,김대성 교수님,동물생리학(영강)
1158,홍기창 교수님,동물분자유전학
1159,서용원 교수님,식물생명공학
1160,김기덕 교수님,식물병리학
1161,지영민 교수님,유기화학Ⅰ
1162,최용석 교수님,유기화학Ⅰ(영강)
1163,이동호 교수님,유기화학Ⅰ(영강)
1164,이일석 교수님,유기화학Ⅰ
1165,김종훈 교수님,발생공학
1166,황광연 교수님,대사조절학
1167,전태훈 교수님,면역공학(영강)
1168,김진수 교수님,집단유전학
1169,박천호 교수님,화훼과학
1170,이동호 교수님,천연물공학(영강)
1171,김종윤 교수님,식물공장학(영강)
1172,이일석 교수님,미생물생명공학Ⅰ
1173,박성효 교수님,독성생화학
1174,노은운 교수님,임목생명공학
1175,고용 교수님,세포생물학Ⅰ(영강)
1176,송문정 교수님,세포생물학Ⅰ(영강)
1177,송권화 교수님,세포생물학Ⅰ(영강)
1178,"구승회,최의주 교수님",세포생물학Ⅰ
1179,김옥매 교수님,세포생물학Ⅰ(영강)
1180,김충호 교수님,세포생물학Ⅰ(영강)
1181,윤철원 교수님,미생물학Ⅰ
1182,윤원석 교수님,미생물학Ⅰ
1183,김범석 교수님,미생물학Ⅰ
1184,최인걸 교수님,미생물학Ⅰ
1185,"안병윤,백경희 교수님",분자생물학Ⅰ
1186,조용철 교수님,분자생물학Ⅰ(영강)
1187,이영식 교수님,분자생물학Ⅰ(영강)
1188,"백자현,윤봉준 교수님",유전학Ⅰ(영강)
1189,유상동 교수님,유전학Ⅰ(영강)
1190,김욱 교수님,유전학Ⅰ(영강)
1191,"최상윤,김준 교수님",생화학Ⅰ(영강)
1192,"구승회,최무현 교수님",생화학Ⅰ
1193,"황광연,이영식 교수님",생화학Ⅰ
1194,이병천 교수님,생화학Ⅰ(영강)
1195,이철구 교수님,기능유전체학(영강)
1196,지성욱 교수님,기능유전체학(영강)
1197,김형기 교수님,암생물학
1198,지성길 교수님,암생물학(영강)
1199,김기중 교수님,생명과학실험II(계통분류학)
1200,김기중 교수님,식물계통분류학
1201,강성만 교수님,인체분자유전학
1202,박세호 교수님,생명과학실험Ⅴ(면역학)
1203,안지훈 교수님,생명과학실험Ⅵ(유전학)
1204,김찬화 교수님,생물물리화학I
1205,고영규 교수님,생리학I
1206,"백자현,윤봉준 교수님",신경생물학(영강)
1207,박세호 교수님,면역학I
1208,윤철원 교수님,연구논문지도I
1209,이상호 교수님,발생생물학
1210,"백경희,김옥매 교수님",식물생명과학
1211,구만복 교수님,나노생명과학의이해
1212,안지훈 교수님,식물발달분자생리학I
1213,Asia Khamzina 교수님,생태학(영강)
1214,홍선희 교수님,야생식물학
1215,현승훈 교수님,환경토양학및실험
1216,김해경 교수님,환경조경학
1217,신현동 교수님,미생물자원학
1218,전성우 교수님,환경정보및계획학(영강)
1219,최윤이 교수님,환경과학(영강)
1220,권정환 교수님,환경분석화학및연습(영강)
1221,김재진 교수님,환경생물공학
1222,최윤이 교수님,생물재료화학(영강)
1223,전진형 교수님,조경시설물설계및실습(영강)
1224,이진욱 교수님,조경계획및실습
1225,김종성 교수님,환경수목학
1226,배연재 교수님,수서생태학
1227,서동조 교수님,환경GIS및실습
1228,김재진 교수님,환경생태공학세미나I
1229,김재진 교수님,연구논문지도
1230,박우준 교수님,미생물생태학(영강)
1231,김민석 교수님,식물환경학Ⅱ및실험
1232,유지수 교수님,수질관리학및실험
1233,박우준 교수님,생물학적폐기물처리(영강)
1234,Asia Khamzina 교수님,경관생태학(영강)
1235,정순갑 교수님,기후변화과학
1236,김성진 교수님,기후변화경제학
1237,백주영 교수님,조경공학및구조
1238,한재준 교수님,식품과학기초(영강)
1239,류지훈 교수님,식품미생물학I(영강)
1240,이광원 교수님,식품화학I(영강)
1241,임승택 교수님,식품분석학
1242,이민석 교수님,식품위생학
1243,우건조 교수님,식품법규
1244,이성준 교수님,식품생화학I(영강)
1245,김세헌 교수님,유가공학
1246,박현진 교수님,식품공학I
1247,김남희 교수님,식품위생학실험
1248,"류지훈,TAN PEI LEI 교수님",식품미생물학실험
1249,임승택 교수님,식품분석학실험
1250,이성준 교수님,건강기능식품학
1251,조승용 교수님,과실채소류과학
1252,"임승택,박현진김세헌,이민석류지훈,한재준 교수님",식품산업현장실습 3월 8일 수업은 1시 CJ식품안전관 114호에서 있습니다
1253,박호정 교수님,자원경제학(영강)
1254,서동희 교수님,공공경제학(영강)
1255,서병선 교수님,응용계량경제학(영강)
1256,안병일 교수님,미시경제분석(영강)
1257,안병일 교수님,식품마케팅(영강)
1258,한두봉 교수님,식품산업조직론(영강) Flipped Class 시행 강의임
1259,임재영 교수님,보건경제학원론(영강)
1260,조용성 교수님,자원환경정책
1261,"한두봉,John B. Penson, Jr. 교수님","식품산업재무관리(영강,G-class)"
1262,임송수 교수님,국제농산물무역론(영강)
1263,김동현 교수님,응용재무경제학(영강)
1264,조용성 교수님,부동산경제론
1265,양승룡 교수님,농식품가격분석론
1266,신경호 교수님,의과학입문Ⅰ
1267,임도선 교수님,의학개론
1268,"오준서,김현수 교수님",분자생물학
1269,"김현,엄창섭유임주,선웅오준서,김현수이동민 교수님",기초의학통합실습Ⅱ
1270,이준영 교수님,의학통계학(이론및실습)
1271,"박석인,박길홍손정원,박윤규김명곤,이경미김태우 교수님",생화학Ⅱ ※의과대학 의학과 전공과목(타 과 학생 수강신청 불가)
1272,"김현,엄창섭유임주,선웅김현수,이동민 교수님",해부학 ※의과대학 의학과 전공과목(타 과 학생 수강신청 불가)
1273,"나흥식,한희철김양인,박중진황선욱,이민구 교수님",생리학 ※의과대학 의학과 전공과목(타 과 학생 수강신청 불가)
1274,"김현,엄창섭유임주,선웅김현수,안효현이동민 교수님",조직학 ※의과대학 의학과 전공과목(타 과 학생 수강신청 불가)
1279,"안형식,윤석준 교수님",보건관리 ※의과대학 의학과 전공과목(타 과 학생 수강신청 불가)
1280,서연석 교수님,소화기내과학임상실습 ※의과대학 의학과 전공과목(타 과 학생 수강신청 불가)
1281,김선미 교수님,가정의학임상실습 ※의과대학 의학과 전공과목(타 과 학생 수강신청 불가)
1283,송관규 교수님,류마티스내과학임상실습 ※의과대학 의학과 전공과목(타 과 학생 수강신청 불가)
1284,김성은 교수님,핵의학임상실습 ※의과대학 의학과 전공과목(타 과 학생 수강신청 불가)
1285,이상훈 교수님,기초물리학실험Ⅰ
1286,최준곤 교수님,일반역학
1287,이정일 교수님,수리물리학I(영강)
1288,최수용 교수님,현대물리학및실험(영강) 학번 끝자리가 홀수인 학생 수강신청 요망
1289,최원식 교수님,현대물리학및실험(영강) 학번 끝자리가 짝수인 학생 수강신청 요망
1290,원은일 교수님,전자기학Ⅱ(영강)
1291,조동현 교수님,양자역학I
1292,양승열 교수님,통계물리학Ⅱ
1293,조동현 교수님,고급물리실험
1294,원은일 교수님,전산물리학및실습(영강)
1295,이경진 교수님,생물물리학
1296,양성덕 교수님,TOPIC COURSE 수학과 컴퓨터의 융합Flipped Class 시행 강의임
1297,김지연 교수님,TOPIC COURSE(영강) 게임이론
1298,김동균 교수님,집합론 Flipped Class 시행 강의임
1299,김상집 교수님,이산수학(영강)
1300,강창헌 교수님,이산수학
1301,정익래 교수님,이산수학(영강) 사이버국방학과
1302,오승상 교수님,해석학Ⅰ및연습 수학과 2학년
1303,허야용 교수님,해석학Ⅰ및연습(영강) 수학과 2학년 제외
1304,김도윤 교수님,해석학Ⅰ및연습(영강) 수학과 2학년 제외
1305,김상집 교수님,선형대수Ⅰ및연습(영강) 수학과 2학년
1306,홍성복 교수님,선형대수Ⅰ및연습 수학과 2학년 제외
1307,김홍중 교수님,선형대수Ⅰ및연습(영강) 수학과 2학년 제외Tutorial 및 Flipped Class제도 시행 강의임
1308,윤중석 교수님,선형대수Ⅰ및연습 수학과 2학년 제외
1309,조용승 교수님,선형대수Ⅰ및연습 수학과 2학년 제외
1310,황윤성 교수님,정수론
1311,권보현 교수님,미분방정식및연습(영강) 수학과담당교수 변경
1312,최정환 교수님,미분방정식및연습 수학과 제외Tutorial및 flipped class 제도 시행 강의임
1313,구형운 교수님,미분방정식및연습 수학과 제외
1314,최부림 교수님,복소해석학I
1315,양종호 교수님,복소해석학I
1316,김동균 교수님,대수학Ⅰ Tutorial 제도 시행 강의임
1317,김영욱 교수님,미분기하학Ⅰ
1318,홍성복 교수님,위상수학Ⅰ
1319,구형운 교수님,확률과통계및연습 Tutorial 제도 시행 강의임
1320,최기봉 교수님,확률과통계및연습
1321,최부림 교수님,실해석학
1322,박의성 교수님,대수학특강(영강)
1323,김경훈 교수님,편미분방정식및연습(영강)
1324,위인숙 교수님,금융수학
1325,김준석 교수님,응용수학특강(영강)
1326,황진옥 교수님,기초암호학
1327,"김창성,유인걸 교수님",무제과목
1328,"최선규,서지은 교수님",지구물질과학
1329,윤성택 교수님,지구화학
1330,이미혜 교수님,대기화학
1331,이순재 교수님,수리지질학(영강)
1332,이진한 교수님,구조지질학
1333,박용희 교수님,지구물리탐사
1334,김형수 교수님,변성암석학(영강)
1335,조석주 교수님,퇴적시스템(영강)
1336,최선규 교수님,응용광물학
1337,조호영 교수님,자연재해(영강)
1338,정광섭 교수님,물리화학Ⅰ(영강)
1339,이상원 교수님,분석화학
1340,하덕찬 교수님,유기화학Ⅰ
1341,심상희 교수님,물리화학(영강)
1342,우한영 교수님,전공심화연구I
1343,이석중 교수님,무기화학Ⅰ
1344,한호규 교수님,생화학Ⅰ
1345,이상원 교수님,물리화학실험
1346,곽경원 교수님,양자화학(영강)
1347,윤효재 교수님,물리유기화학(영강)
1348,이광렬 교수님,무기화학실험
1349,김종승 교수님,유기분광화학(영강) 화학과 학생 및 화학과 2중전공 학생만 수강가능
1350,천철홍 교수님,유기합성화학(영강)
1351,우한영 교수님,고분자화학I(영강)
1352,전영삼 교수님,실용논리
1353,김진영 교수님,경제원론I <튜토리얼강좌>(경제학전공 1학년에 한함)
1354,김동환 교수님,경제원론I 담당교수 변경(송철종→김동환)
1355,김석호 교수님,경제원론I(영강)
1356,김석호 교수님,경제원론I(영강) (경영학과 전공생에 한함)04분반 수강신청관련은 경영학과행정실로 문의바람
1357,김수정 교수님,경제원론I 05분반 수강신청관련은 경영학과행정실로 문의바람
1358,박도준 교수님,경제원론I 06분반 수강신청관련은 경영학과행정실로 문의바람
1359,신우진 교수님,경제원론I 07분반 수강신청관련은 경영학과행정실로 문의바람
1360,이한얼 교수님,경제원론I 08분반 수강신청관련은 경영학과행정실로 문의바람
1361,장선구 교수님,경제원론I 09분반 수강신청관련은 경영학과행정실로 문의바람
1362,윤기호 교수님,미시경제이론 (인원제한:110명)(선수:경제원론1)
1363,김범수 교수님,미시경제이론(영강) (인원제한:70명)(선수:경제원론1)
1364,김석일 교수님,미시경제이론 (선수:경제원론1)
1365,김남수 교수님,미시경제이론 (선수:경제원론1)
1366,구세주 교수님,미시경제이론 (인원제한:50명)(선수:경제원론1)
1367,박철범 교수님,거시경제이론(영강) (선수:경제원론2)
1368,Pidong Huang 교수님,거시경제이론(영강) (선수:경제원론2)
1369,Dirk Bethmann 교수님,거시경제이론(영강) (인원제한:45명)(선수:경제원론2)
1370,조남운 교수님,거시경제이론 (선수:경제원론2)
1371,Pidong Huang 교수님,경제원론II(영강)
1372,Dirk Bethmann 교수님,경제원론II(영강) (인원제한:60명)
1373,박의환 교수님,경제원론II
1374,전병헌 교수님,경제수학
1375,조원기 교수님,경제수학(영강)
1376,김석일 교수님,경제수학 [수강마감]
1377,김범수 교수님,경제의통계분석(영강) (인원제한:70명)
1378,김덕파 교수님,경제의통계분석(영강)
1379,이진혁 교수님,경제의통계분석(영강)
1380,남재현 교수님,"산업조직론(영강) (3,4학년에 한함)"
1381,조영철 교수님,정치경제학개론
1382,이명재 교수님,계량경제학I (인원제한:70명)
1383,한치록 교수님,계량경제학I(영강) (인원제한:115명)
1384,박이택 교수님,한국경제사
1385,유승한 교수님,정보의비대칭성과유인설계(영강)
1386,신관호 교수님,화폐금융론 [수강마감]
1387,장재철 교수님,화폐금융론
1388,이우진 교수님,재정학(영강) (인원제한:70명)
1389,이삼호 교수님,조세론(영강) (한국의 제도관련한 이해한 국문문헌의 이해 필요)
1390,강규호 교수님,국제금융론(영강)
1391,조성일 교수님,국제금융론 (인원제한:55명)
1392,조재한 교수님,국제무역론(영강)
1393,강성진 교수님,경제발전론 (인원제한:70명)
1394,정주연 교수님,노사관계론
1395,박이택 교수님,중국경제론
1396,김윤정 교수님,재무경제학
1397,김동수 교수님,경제정책
1398,이홍식 교수님,경제통합론(영강) (한국자료로 강의하므로 교환학생 수강제한)
1399,나영숙 교수님,법경제학(영강)
1400,연제호 교수님,비주류의경제학
1401,박이택 교수님,동서양고전의경제학
1402,김동원 교수님,시사경제I
1403,이종화 교수님,한국아시아세계경제의최근쟁점(영강) [수강마감]<화상강의>
1404,장하원 교수님,한국경제론 (인원제한:70명)
1405,고명덕 교수님,북한경제론
1406,서영경 교수님,한국거시경제분석
1407,김세익 교수님,노동경제세미나(영강) (인원제한:3학년16명/4학년24명)(한국자료로 강의하므로 교환학생 수강제한)
1408,이국헌 교수님,한국경제세미나
1409,김동헌 교수님,고급이론세미나(영강) (한국경제 현안에 대하여 옴니버스 강의로 교환학생 수강 제한)
1410,김병곤 교수님,서양고대.중세정치사상
1411,Alexandrova Iordanka Sasheva 교수님,동북아국제관계론(영강)
1412,김현경 교수님,일본정치론(영강)
1413,현인택 교수님,국제정치론 (16학번부터 전공필수)
1414,이웅현 교수님,외교사
1415,주형민 교수님,비교정치개설 (16학번부터 전공필수)
1416,박선경 교수님,의회와입법과정 (담당교수 변경됨)
1417,김헌준 교수님,국제법(영강)
1418,신재혁 교수님,동남아시아정치론(영강)
1419,박선경 교수님,정치경제론(영강)
1420,지은주 교수님,정치과정론(영강)
1421,이동선 교수님,국제관계이론
1422,최치원 교수님,현대정치철학
1423,이용욱 교수님,국제정치경제론
1424,박홍규 교수님,정치가론
1425,정주연 교수님,동아시아정치론(영강) (화상강의)
1426,김남국 교수님,정체성정치
1427,허인혜 교수님,"한국정치론 (16학번부터 전공필수,유사과목:POLI371한국정치)"
1428,배진석 교수님,거버넌스연구(영강)
1429,민태은 교수님,미국정치론(영강)
1430,권혁용 교수님,비교정치경제
1431,이용욱 교수님,국제정치세미나 :글로벌 금융통화 거버넌스의 정치경제(인원제한:15명)
1432,오찬욱 교수님,"통계계산소프트웨어 (기초전산통계 과목명, 학수번호 변경)"
1433,차재형 교수님,"통계계산소프트웨어 (기초전산통계 과목명, 학수번호 변경)"
1434,최상범 교수님,통계수학(영강) (통계학과 17학번 신입생에 한함)
1435,조영경 교수님,통계수학
1436,최상범 교수님,확률론입문(영강)
1437,정윤서 교수님,확률론입문(영강)
1438,신승준 교수님,수리통계학(영강)
1439,정윤서 교수님,수리통계학(영강)
1440,조영경 교수님,행렬이론
1441,박민규 교수님,사회과학을위한통계적방법
1442,최태련 교수님,"통계계산방법(영강) (중급전산통계 과목명, 학수번호 변경/ 선수과목: 통계계산소프트웨어, 기초통계학)"
1443,정환 교수님,회귀분석(영강)
1444,조형준 교수님,범주형자료분석(영강)
1445,송주원 교수님,다변량통계분석(영강)
1446,박유성 교수님,경영경제데이터분석
1447,송성주 교수님,금융통계학 (선수과목: 확률론입문 또는 확률과통계및연습)
1448,이재원 교수님,생명과학데이터분석
1449,구자용 교수님,선형방법론
1450,김지성 교수님,조사방법론
1451,김두래 교수님,정책학
1452,김영대 교수님,행정이론
1453,최상옥 교수님,인사행정
1454,윤성식 교수님,예산과재무관리
1455,심동철 교수님,조직이론(영강)
1456,김희강 교수님,공공철학과윤리(영강)
1457,이은선 교수님,민주주의와행정
1458,김태일 교수님,복지정책
1459,심동철 교수님,정책기획론(영강)
1460,정해일 교수님,공공부문의경제적분석(영강)
1461,김현준 교수님,공공관리(영강) * 선수과목: 조직이론(PAPP240) 또는 조직과환경(SOCI486) 미이수자 수강불가
1462,최진욱 교수님,정부부패(영강) (1학년 수강불가)
1463,이응균 교수님,환경정책(영강)
1464,윤견수 교수님,행정사례분석(영강)
1465,임현 교수님,행정과법
1466,강지선 교수님,갈등관리와협상
1467,구교준 교수님,정책분석및평가(영강)
1468,최흥석 교수님,정보관리와전자정부
1469,임현 교수님,공공관리자를위한행정법I
1470,김재선 교수님,공공관리자를위한행정법I
1471,박찬웅 교수님,역공학기법
1472,김경곤 교수님,고급해킹실습
1473,박성빈 교수님,이산수학(영강)
1474,김정현 교수님,이산수학(영강)
1475,김종규 교수님,자료구조
1476,김병욱 교수님,자료구조
1477,Hongzhe Li 교수님,자료구조(영강)
1478,박성빈 교수님,알고리즘(영강)
1479,이희조 교수님,계산이론(영강)
1480,오학주 교수님,계산이론(영강)
1481,최진영 교수님,계산이론
1482,정성우 교수님,논리설계(영강)
1483,백승준 교수님,논리설계(영강)
1484,김영근 교수님,논리설계
1485,이경호 교수님,컴퓨터구조
1486,이주섭 교수님,공학수학(영강)
1487,이재훈 교수님,회로이론(영강)
1488,오학주 교수님,컴파일러(영강)
1489,김창헌 교수님,컴퓨터그래픽스
1490,한정현 교수님,컴퓨터그래픽스
1491,유혁 교수님,운영체제
1492,유헌창 교수님,운영체제
1493,민성기 교수님,컴퓨터네트워크
1494,육동석 교수님,인공지능
1495,김현철 교수님,인공지능
1496,백두권 교수님,데이터베이스
1497,정재화 교수님,데이터베이스
1498,김종완 교수님,데이터베이스
1499,"변진석,박재득 교수님",기업가정신과리더쉽(영강)
1500,이재훈 교수님,사물인터넷설계
1501,임희석 교수님,자연어처리
1502,강재우 교수님,데이터과학(영강) 유연학기강좌임 (8주)
1503,이상근 교수님,데이터과학
1504,오태원 교수님,디지털통신이론(영강)
1505,정원주 교수님,정보이론
1506,이희조 교수님,졸업프로젝트I
1507,이희조 교수님,졸업프로젝트II
1508,이희조 교수님,현장실습I
1509,이희조 교수님,현장실습II
1510,이희조 교수님,현장실습III
1511,황석중 교수님,과목7
1512,강찬옥 교수님,과목13
1513,김승주 교수님,과목 6(영강)
1514,김형중 교수님,과목11(영강)
1515,최진영 교수님,과목16
1516,이경호 교수님,과목17
1517,조상현 교수님,과목18
1518,홍석희 교수님,과목52(영강)
1519,임종인 교수님,과목27
1520,장남수 교수님,과목29
1521,김휘강 교수님,과목37(영강)
1522,이원준 교수님,과목53(영강)
1523,강찬옥 교수님,과목79
1524,최진영 교수님,과목80
1525,오성준 교수님,과목54(영강)
1526,이경호 교수님,과목56(영강)
1527,이상진 교수님,과목75
1528,"오태원,정지채이재훈,정원주백승준,이주섭 교수님",전파통신공학및실험
1529,Christian Wallraven 교수님,뇌및인지과학개론(영강)
1530,정지채 교수님,생명물리학
1531,장규현 교수님,사이버기술과법
1532,김경곤 교수님,해킹과보안
1533,하종호 교수님,1학년 세미나 철학과
1534,이동호 교수님,1학년 세미나 생명공학부
1535,이민석 교수님,1학년 세미나 식품공학과
1536,이성준 교수님,1학년 세미나 식품공학과
1537,이정일 교수님,1학년 세미나 물리학과
1538,천철홍 교수님,1학년 세미나 화학과
1539,이미혜 교수님,1학년 세미나 지구환경과학과
1540,허준 교수님,1학년 세미나 전기전자공학부
1543,김기훈 교수님,1학년 세미나 경영학과
1544,문재윤 교수님,1학년 세미나 경영학과
1545,박경삼 교수님,1학년 세미나 경영학과
1546,배진한 교수님,1학년 세미나 경영학과
1547,신만수 교수님,1학년 세미나 경영학과
1548,이동섭 교수님,1학년 세미나 경영학과
1549,이동욱 교수님,1학년 세미나 경영학과
1550,이동원 교수님,1학년 세미나 경영학과
1551,이종호 교수님,1학년 세미나 경영학과
1552,정재호 교수님,1학년 세미나 경영학과
1553,한승수 교수님,1학년 세미나 경영학과
1554,권보드래 교수님,1학년 세미나 국어국문학과
1555,신지영 교수님,1학년 세미나 국어국문학과
1556,민경현 교수님,1학년 세미나 사학과
1557,허태균 교수님,1학년 세미나 심리학과
1558,김양순 교수님,1학년 세미나 영어영문학과
1559,남호성 교수님,1학년 세미나 영어영문학과
1560,배지완 교수님,1학년 세미나 서어서문학과
1561,김재진 교수님,1학년 세미나 환경생태공학부
1562,안병일 교수님,1학년 세미나 식품자원경제학과
1563,양승룡 교수님,1학년 세미나 식품자원경제학과
1564,임송수 교수님,1학년 세미나 식품자원경제학과
1565,조용성 교수님,1학년 세미나 식품자원경제학과
1566,한두봉 교수님,1학년 세미나 식품자원경제학과
1567,김남국 교수님,1학년 세미나 정치외교학과
1568,김병곤 교수님,1학년 세미나 정치외교학과
1569,박홍규 교수님,1학년 세미나 정치외교학과
1570,이동선 교수님,1학년 세미나 정치외교학과
1571,이삼호 교수님,1학년 세미나 경제학과
1572,조원기 교수님,1학년 세미나 경제학과
1573,구자용 교수님,1학년 세미나 통계학과
1574,송주원 교수님,1학년 세미나 통계학과
1575,정환 교수님,1학년 세미나 통계학과
1576,김희강 교수님,1학년 세미나 행정학과
1577,오승주 교수님,1학년 세미나 신소재공학부
1578,이우진 교수님,1학년 세미나 건축사회환경공학부
1579,이종섭 교수님,1학년 세미나 건축사회환경공학부
1580,홍대희 교수님,1학년 세미나 기계공학부
1581,박수경 교수님,1학년 세미나 간호학과
1582,장성옥 교수님,1학년 세미나 간호학과
1583,박성빈 교수님,"1학년 세미나 컴퓨터학과, 금4 아산이학관633호"
1584,백승준 교수님,"1학년 세미나 컴퓨터학과, 금4 아산이학관633호"
1585,주재걸 교수님,"1학년 세미나 컴퓨터학과, 금4 아산이학관633호"
1586,차성덕 교수님,"1학년 세미나 컴퓨터학과, 금4 아산이학관633호"
1587,허준범 교수님,"1학년 세미나 컴퓨터학과, 금4 아산이학관633호"
1588,이기봉 교수님,1학년 세미나 디자인조형학부
1589,이동훈 교수님,1학년 세미나 사이버국방학과
1590,이준일 교수님,1학년 세미나 자유전공학부
1591,김태진 교수님,1학년 세미나 자유전공학부
1592,성준경 교수님,1학년 세미나 바이오의공학부
1593,김기현 교수님,1학년 세미나 보건환경융합과학부
1594,이준협 교수님,1학년 세미나 보건정책관리학부
1595,이정현 교수님,1학년 세미나 화공생명공학과
1596,이지원 교수님,1학년 세미나 화공생명공학과
1597,정주혁 교수님,1학년 세미나 체육교육과
1598,이순영 교수님,1학년 세미나 국어교육과
1599,이상근 교수님,1학년 세미나 영어교육과
1600,최인철 교수님,1학년 세미나 영어교육과
1601,박현숙 교수님,1학년 세미나 역사교육과
1602,권내현 교수님,1학년 세미나 역사교육과
1603,조영헌 교수님,1학년 세미나 역사교육과
1604,정순일 교수님,1학년 세미나 역사교육과
1605,Declan Flynn 교수님,"ACADEMIC ENGLISH I(영강) 경영1, 1-34"
1606,Anthony Death 교수님,"ACADEMIC ENGLISH I(영강) 경영1, 35-68"
1607,Paulette M. Hawkins 교수님,"ACADEMIC ENGLISH I(영강) 경영1, 69-102"
1608,Declan Flynn 교수님,"ACADEMIC ENGLISH I(영강) 경영1, 103-136"
1609,Anthony Death 교수님,"ACADEMIC ENGLISH I(영강) 경영1, 137-170"
1610,Declan Flynn 교수님,"ACADEMIC ENGLISH I(영강) 경영1, 171-204"
1611,Anthony Death 교수님,"ACADEMIC ENGLISH I(영강) 경영1, 205-238"
1612,Paulette M. Hawkins 교수님,"ACADEMIC ENGLISH I(영강) 경영1, 239-272"
1613,Paulette M. Hawkins 교수님,"ACADEMIC ENGLISH I(영강) 경영1, 273-306"
1614,Mark Robert Eade 교수님,"ACADEMIC ENGLISH I(영강) 경영1, 307-340"
1615,Declan Flynn 교수님,"ACADEMIC ENGLISH I(영강) 경영1, 341-374"
1616,Anthony Death 교수님,"ACADEMIC ENGLISH I(영강) 경영1, 375-끝"
1617,Peter L. Sinclair 교수님,"ACADEMIC ENGLISH I(영강) 국문1, 1-33"
1618,Darius Goodwin 교수님,"ACADEMIC ENGLISH I(영강) 국문1, 34-끝"
1619,Cheryl Faye Magnant 교수님,"ACADEMIC ENGLISH I(영강) 철학1, 1-30"
1620,Peter L. Sinclair 교수님,"ACADEMIC ENGLISH I(영강) 철학1, 31-끝,사학1, 31-끝"
1621,Alexander Vos 교수님,"ACADEMIC ENGLISH I(영강) 한국사학1, 1-끝."
1622,Anthony Hanf 교수님,"ACADEMIC ENGLISH I(영강) 사학1, 1-30."
1623,Alexander Vos 교수님,"ACADEMIC ENGLISH I(영강) 심리1, 1-30"
1624,Cheryl Faye Magnant 교수님,"ACADEMIC ENGLISH I(영강) 사회1, 1-28"
1625,Cheryl Faye Magnant 교수님,"ACADEMIC ENGLISH I(영강) 사회1, 29-56"
1626,Thomas Walsh 교수님,"ACADEMIC ENGLISH I(영강) 사회1, 57-끝"
1627,Darius Goodwin 교수님,"ACADEMIC ENGLISH I(영강) 한문1, 1-끝"
1628,Kenton Alan Lee 교수님,"ACADEMIC ENGLISH I(영강) 영문1, 1-29"
1629,Kirstie Bromenshenk 교수님,"ACADEMIC ENGLISH I(영강) 영문1, 30-58"
1630,Anthony Hanf 교수님,"ACADEMIC ENGLISH I(영강) 영문1, 59-87"
1631,Nancie McKinnon 교수님,"ACADEMIC ENGLISH I(영강) 영문1, 88-끝"
1632,Alexander Vos 교수님,"ACADEMIC ENGLISH I(영강) 독문1, 1-27"
1633,Anthony Hanf 교수님,"ACADEMIC ENGLISH I(영강) 불문1, 1-27"
1634,Peter L. Sinclair 교수님,"ACADEMIC ENGLISH I(영강) 불문1, 28-끝,독문1, 28-끝"
1635,Kenton Alan Lee 교수님,"ACADEMIC ENGLISH I(영강) 중문1, 1-33"
1636,Kirstie Bromenshenk 교수님,"ACADEMIC ENGLISH I(영강) 중문1, 34-끝"
1637,Anthony Hanf 교수님,"ACADEMIC ENGLISH I(영강) 노문1, 1-28"
1638,Nancie McKinnon 교수님,"ACADEMIC ENGLISH I(영강) 노문1, 29-끝,일문1, 31-끝"
1639,Kenton Alan Lee 교수님,"ACADEMIC ENGLISH I(영강) 일문1, 1-30"
1640,Cheryl Faye Magnant 교수님,"ACADEMIC ENGLISH I(영강) 서문1, 1-28"
1641,Kirstie Bromenshenk 교수님,"ACADEMIC ENGLISH I(영강) 서문1, 29-끝"
1642,Nancie McKinnon 교수님,"ACADEMIC ENGLISH I(영강) 언어1, 1-끝"
1643,Gil Michael Ian Coombe 교수님,"ACADEMIC ENGLISH I(영강) 생명과학부1, 001-028"
1644,Theresa Tupuola 교수님,"ACADEMIC ENGLISH I(영강) 생명과학부1, 029-056"
1645,Gil Michael Ian Coombe 교수님,"ACADEMIC ENGLISH I(영강) 생명과학부1, 057-084"
1646,David W. Wellbaum 교수님,"ACADEMIC ENGLISH I(영강) 생명과학부1, 085-끝"
1647,Theresa Tupuola 교수님,"ACADEMIC ENGLISH I(영강) 생명공학부1, 201-230"
1648,David W. Wellbaum 교수님,"ACADEMIC ENGLISH I(영강) 생명공학부1, 231-260"
1649,Karen Best 교수님,"ACADEMIC ENGLISH I(영강) 생명공학부1, 261-290"
1650,Naheen Madarbakus 교수님,"ACADEMIC ENGLISH I(영강) 생명공학부1, 291-끝"
1651,David W. Wellbaum 교수님,"ACADEMIC ENGLISH I(영강) 식품공학과1, 401-424"
1652,Karen Best 교수님,"ACADEMIC ENGLISH I(영강) 식품공학과1, 425-끝"
1653,Liam Peter Ring 교수님,"ACADEMIC ENGLISH I(영강) 환경생태공학부1, 501-524"
1654,Naheen Madarbakus 교수님,"ACADEMIC ENGLISH I(영강) 환경생태공학부1, 525-548"
1655,Liam Peter Ring 교수님,"ACADEMIC ENGLISH I(영강) 환경생태공학부1, 549-끝"
1656,Theresa Tupuola 교수님,"ACADEMIC ENGLISH I(영강) 식품자원경제1, 601-631"
1657,Karen Best 교수님,"ACADEMIC ENGLISH I(영강) 식품자원경제1, 632-끝"
1658,Michael A. Mumford 교수님,ACADEMIC ENGLISH I(영강) 정외 1-30
1659,Michael A. Mumford 교수님,ACADEMIC ENGLISH I(영강) 정외 31-60
1660,Glenn P. Sundeen 교수님,ACADEMIC ENGLISH I(영강) 정외 61-끝
1661,Michael A. Mumford 교수님,ACADEMIC ENGLISH I(영강) 경제 31-60
1662,Glenn P. Sundeen 교수님,ACADEMIC ENGLISH I(영강) 경제 61-90
1663,Peter S. Sylvestre 교수님,ACADEMIC ENGLISH I(영강) 경제 91-120
1664,Michael A. Mumford 교수님,ACADEMIC ENGLISH I(영강) 통계 1-30
1665,Glenn P. Sundeen 교수님,ACADEMIC ENGLISH I(영강) 통계 31-60
1666,Richard David Treat 교수님,"ACADEMIC ENGLISH I(영강) 통계 61-끝, 경제 121-끝"
1667,Dara Seamus Fox 교수님,ACADEMIC ENGLISH I(영강) 행정 1-30
1668,Dara Seamus Fox 교수님,ACADEMIC ENGLISH I(영강) 행정 31-60
1669,Peter S. Sylvestre 교수님,ACADEMIC ENGLISH I(영강) 행정 61-끝
1670,Stephen George Bew 교수님,"ACADEMIC ENGLISH I(영강) 수학1, 1-24"
1671,Benjamin Fallon 교수님,"ACADEMIC ENGLISH I(영강) 수학1, 25-끝"
1672,Benjamin Fallon 교수님,"ACADEMIC ENGLISH I(영강) 물리1, 1-24"
1673,Stephen George Bew 교수님,"ACADEMIC ENGLISH I(영강) 물리1, 25-끝"
1674,Theresa Tupuola 교수님,"ACADEMIC ENGLISH I(영강) 화학1, 1-24"
1675,Stephen George Bew 교수님,"ACADEMIC ENGLISH I(영강) 화학1, 25-끝"
1676,Gil Michael Ian Coombe 교수님,"ACADEMIC ENGLISH I(영강) 지구환경과학1, 1-20"
1677,Liam Peter Ring 교수님,"ACADEMIC ENGLISH I(영강) 지구환경과학1, 21-끝"
1678,Hudson Lim 교수님,"ACADEMIC ENGLISH I(영강) 화공생명1, 1-32"
1679,Hudson Lim 교수님,"ACADEMIC ENGLISH I(영강) 화공생명1, 33-64"
1680,Youn-Soo Chang 교수님,"ACADEMIC ENGLISH I(영강) 화공생명1, 65-끝"
1681,Hudson Lim 교수님,"ACADEMIC ENGLISH I(영강) 신소재1, 101-130"
1682,Youn-Soo Chang 교수님,"ACADEMIC ENGLISH I(영강) 신소재1, 131-160"
1683,Nollaig Walsh 교수님,"ACADEMIC ENGLISH I(영강) 신소재1, 161-190"
1684,Hudson Lim 교수님,"ACADEMIC ENGLISH I(영강) 신소재1, 221-끝"
1685,Steven Lees 교수님,"ACADEMIC ENGLISH I(영강) 건축사회환경1, 301-328"
1686,Zoe Ksan Rubadeau 교수님,"ACADEMIC ENGLISH I(영강) 건축사회환경1, 329-356"
1687,Darrell L. Enright 교수님,"ACADEMIC ENGLISH I(영강) 건축사회환경1, 357-384"
1688,Russell Mason 교수님,"ACADEMIC ENGLISH I(영강) 건축사회환경1,385-끝건축학1, 501-515"
1689,Steven Lees 교수님,"ACADEMIC ENGLISH I(영강) 건축학1, 516-끝"
1690,William du Plessis 교수님,"ACADEMIC ENGLISH I(영강) 기계공학부1, 601-632"
1691,Nollaig Walsh 교수님,"ACADEMIC ENGLISH I(영강) 기계공학부1, 633-664"
1692,Nollaig Walsh 교수님,"ACADEMIC ENGLISH I(영강) 기계공학부1, 665-696"
1693,Youn-Soo Chang 교수님,"ACADEMIC ENGLISH I(영강) 기계공학부1, 697-728"
1694,Youn-Soo Chang 교수님,"ACADEMIC ENGLISH I(영강) 기계공학부1, 729-끝"
1695,William du Plessis 교수님,"ACADEMIC ENGLISH I(영강) 산업경영공학부1, 801-830"
1696,William du Plessis 교수님,"ACADEMIC ENGLISH I(영강) 산업경영공학부1, 831-끝."
1697,Darrell L. Enright 교수님,"ACADEMIC ENGLISH I(영강) 전기전자공학부1, 901-927"
1698,Russell Mason 교수님,"ACADEMIC ENGLISH I(영강) 전기전자공학부1, 928-954"
1699,Steven Haldane 교수님,"ACADEMIC ENGLISH I(영강) 전기전자공학부1, 955-981"
1700,Zoe Ksan Rubadeau 교수님,"ACADEMIC ENGLISH I(영강) 전기전자공학부1, 982-1008"
1701,Steven Lees 교수님,"ACADEMIC ENGLISH I(영강) 전기전자공학부1, 1009-1035"
1702,Steven Haldane 교수님,"ACADEMIC ENGLISH I(영강) 전기전자공학부1, 1036-1062"
1703,Steven Haldane 교수님,"ACADEMIC ENGLISH I(영강) 전기전자공학부1, 1063-끝"
1704,Naheen Madarbakus 교수님,"ACADEMIC ENGLISH I(영강) 의예1, 1-30"
1705,Naheen Madarbakus 교수님,"ACADEMIC ENGLISH I(영강) 의예1, 31-60"
1706,Karen Best 교수님,"ACADEMIC ENGLISH I(영강) 의예1, 61-90"
1707,Christine Aitken 교수님,"ACADEMIC ENGLISH I(영강) 교육1, 23-44"
1708,Heather L. Reichmuth 교수님,"ACADEMIC ENGLISH I(영강) 국교1, 101-130"
1709,Karl M. Johnson 교수님,"ACADEMIC ENGLISH I(영강) 지교1, 301-325"
1710,Karl M. Johnson 교수님,"ACADEMIC ENGLISH I(영강) 국교1, 131-끝지교1, 326-끝"
1711,Rockwell H. Stewart 교수님,"ACADEMIC ENGLISH I(영강) 영교1, 201-222"
1712,Karl M. Johnson 교수님,"ACADEMIC ENGLISH I(영강) 영교1, 223-244"
1713,Christine Aitken 교수님,"ACADEMIC ENGLISH I(영강) 영교1, 245-끝"
1714,Rockwell H. Stewart 교수님,"ACADEMIC ENGLISH I(영강) 역교1, 401-끝"
1715,Rockwell H. Stewart 교수님,"ACADEMIC ENGLISH I(영강) 가교1, 501-522"
1716,Karl M. Johnson 교수님,"ACADEMIC ENGLISH I(영강) 교육1, 45-끝가교1, 523-끝"
1717,Zoltan Paul Jambor 교수님,"ACADEMIC ENGLISH I(영강) 체교1, 741-끝"
1718,Rockwell H. Stewart 교수님,"ACADEMIC ENGLISH I(영강) 수교1, 601-620"
1719,Heather L. Reichmuth 교수님,"ACADEMIC ENGLISH I(영강) 수교1, 621-끝"
1720,Manuel Lara 교수님,"ACADEMIC ENGLISH I(영강) 간호1, 1-23"
1721,Manuel Lara 교수님,"ACADEMIC ENGLISH I(영강) 간호1, 24-46"
1722,David M. Duke 교수님,"ACADEMIC ENGLISH I(영강) 간호1, 47-끝"
1723,William du Plessis 교수님,"ACADEMIC ENGLISH I(영강) 컴퓨터1, 1-28"
1724,Terence W. Clark 교수님,"ACADEMIC ENGLISH I(영강) 컴퓨터1, 29-56"
1725,Terence W. Clark 교수님,"ACADEMIC ENGLISH I(영강) 컴퓨터1, 57-84"
1726,Terence W. Clark 교수님,"ACADEMIC ENGLISH I(영강) 컴퓨터1, 85-112"
1727,Zoe Ksan Rubadeau 교수님,"ACADEMIC ENGLISH I(영강) 컴퓨터1, 113-끝"
1728,Darrell L. Enright 교수님,"ACADEMIC ENGLISH I(영강) 사이버국방학과 1, 1-끝"
1729,Zoltan Paul Jambor 교수님,"ACADEMIC ENGLISH I(영강) 디자인조형학부 1, 1-27"
1730,Heather L. Reichmuth 교수님,"ACADEMIC ENGLISH I(영강) 디자인조형학부 1, 28-끝"
1731,Mark Robert Eade 교수님,"ACADEMIC ENGLISH I(영강) 국제학부 1, 1-끝"
1732,Peter S. Sylvestre 교수님,"ACADEMIC ENGLISH I(영강) 미디어학부 1, 1-31"
1733,Richard David Treat 교수님,"ACADEMIC ENGLISH I(영강) 미디어학부 1, 32-62"
1734,Richard David Treat 교수님,"ACADEMIC ENGLISH I(영강) 미디어학부 1, 63-끝"
1735,James L. Reading 교수님,"ACADEMIC ENGLISH I(영강) 바이오의공학부1, 1-22"
1736,James L. Reading 교수님,"ACADEMIC ENGLISH I(영강) 바이오의공학부1, 23-44"
1737,Zane Carl Ivy 교수님,"ACADEMIC ENGLISH I(영강) 바이오의공학부1, 45-끝"
1738,Manuel Lara 교수님,"ACADEMIC ENGLISH I(영강) 바이오시스템의과학부1, 1-22"
1739,Zane Carl Ivy 교수님,"ACADEMIC ENGLISH I(영강) 바이오시스템의과학부1, 23-44"
1740,James L. Reading 교수님,"ACADEMIC ENGLISH I(영강) 바이오시스템의과학부1, 45-끝"
1741,Michael D. Blackwood 교수님,"ACADEMIC ENGLISH I(영강) 보건환경융합과학부1, 1-30"
1742,David M. Docherty 교수님,"ACADEMIC ENGLISH I(영강) 자유전공 1, 79-끝"
1743,Michael D. Blackwood 교수님,"ACADEMIC ENGLISH I(영강) 보건환경융합과학부1, 31-60"
1744,Manuel Lara 교수님,"ACADEMIC ENGLISH I(영강) 보건환경융합과학부1, 61-90"
1745,Zane Carl Ivy 교수님,"ACADEMIC ENGLISH I(영강) 보건환경융합과학부1, 91-끝"
1746,David M. Duke 교수님,"ACADEMIC ENGLISH I(영강) 보건정책관리학부1, 1-27"
1747,David M. Duke 교수님,"ACADEMIC ENGLISH I(영강) 보건정책관리학부1, 28-54"
1748,Michael D. Blackwood 교수님,"ACADEMIC ENGLISH I(영강) 보건정책관리학부1, 55-끝"
1749,Jean-Luc Leese 교수님,"ACADEMIC ENGLISH I(영강) 자유전공 1, 1-26"
1750,David M. Docherty 교수님,"ACADEMIC ENGLISH I(영강) 자유전공 1, 27-52"
1751,Jean-Luc Leese 교수님,"ACADEMIC ENGLISH I(영강) 자유전공 1, 53-78"
1752,Liam Peter Ring 교수님,"ACADEMIC ENGLISH I(영강) 의예1, 91-끝"
1753,Darius Goodwin 교수님,ACADEMIC ENGLISH I(영강) 2012-2017학번(초급반 Foundation Level)
1754,Benjamin Fallon 교수님,ACADEMIC ENGLISH I(영강) 2012-2017학번(초급반 Foundation Level)
1755,Gil Michael Ian Coombe 교수님,ACADEMIC ENGLISH I(영강) 2012-2017학번(초급반 Foundation Level)
1756,Thomas Walsh 교수님,ACADEMIC ENGLISH I(영강) 2012-2017학번(초급반 Foundation Level)
1757,Paulette M. Hawkins 교수님,ACADEMIC ENGLISH I(영강) 2012-2017학번(초급반 Foundation Level)
1758,Peter L. Sinclair 교수님,ACADEMIC ENGLISH I(영강) 2012-2017학번(초급반 Foundation Level)
1759,Liam Peter Ring 교수님,ACADEMIC ENGLISH I(영강) 2012-2017학번(초급반 Foundation Level)
1760,Russell Mason 교수님,ACADEMIC ENGLISH I(영강) 2012-2017학번(초급반 Foundation Level)
1761,Steven Lees 교수님,ACADEMIC ENGLISH I(영강) 2012-2017학번(초급반 Foundation Level)
1762,David W. Wellbaum 교수님,ACADEMIC ENGLISH I(영강) 2012-2017학번(초급반 Foundation Level)
1763,Stephen George Bew 교수님,ACADEMIC ENGLISH I(영강) 2012-2017학번(초급반 Foundation Level)
1764,Heather L. Reichmuth 교수님,ACADEMIC ENGLISH I(영강) 2012-2017학번(초급반 Foundation Level)
1765,Darrell L. Enright 교수님,ACADEMIC ENGLISH I(영강) 중급 재수강반(신입생 외)
1766,David M. Docherty 교수님,ACADEMIC ENGLISH ∥(영강) International Students Only(Intermediate)
1767,Mark Robert Eade 교수님,ACADEMIC ENGLISH ∥(영강) International Students Only(Intermediate)
1768,David M. Duke 교수님,ACADEMIC ENGLISH ∥(영강) 중급 재수강반(신입생 외)
1769,James L. Reading 교수님,ACADEMIC ENGLISH ∥(영강) 중급 재수강반(신입생 외)
1770,Zoe Ksan Rubadeau 교수님,ACADEMIC ENGLISH ∥(영강) 중급 재수강반(신입생 외)
1771,Nancie McKinnon 교수님,ACADEMIC ENGLISH ∥(영강) International Students Only(Foundation)
1772,Jean-Luc Leese 교수님,ACADEMIC ENGLISH ∥(영강) International Students Only(Foundation)
1773,Zane Carl Ivy 교수님,ACADEMIC ENGLISH ∥(영강) International Students Only(Foundation)
1774,Steven Haldane 교수님,ACADEMIC ENGLISH ∥(영강) International Students Only(Foundation)
1775,Richard David Treat 교수님,Advanced Academic English(영강) 2012-2017학번(고급반 Advanced Level)
1776,Dara Seamus Fox 교수님,Advanced Academic English(영강) 2012-2017학번(고급반 Advanced Level)
1777,Alexander Vos 교수님,Advanced Academic English(영강) 2012-2017학번(고급반 Advanced Level)
1778,Kenton Alan Lee 교수님,Advanced Academic English(영강) 2012-2017학번(고급반 Advanced Level)
1779,Kirstie Bromenshenk 교수님,Advanced Academic English(영강) 2012-2017학번(고급반 Advanced Level)
1780,Michael D. Blackwood 교수님,Advanced Academic English(영강) 2012-2017학번(고급반 Advanced Level)
1781,Terence W. Clark 교수님,Advanced Academic English(영강) 2012-2017학번(고급반 Advanced Level)
1782,Zoltan Paul Jambor 교수님,Advanced Academic English(영강) 2012-2017학번(고급반 Advanced Level)
1783,박세호 교수님,"생명의이해 생명과학대학, 보건과학대학, 의과대학, 간호대학 수강 불가"
1784,나흥식 교수님,생물학적인간
1785,김지형 교수님,환경과사회
1786,유철상 교수님,자연재해의이해
1787,김승욱 교수님,바이오산업과생명공학기술
1788,박천호 교수님,생활원예
1789,변우혁 교수님,산림과환경
1790,"이철,서용원 교수님",인간과식량
1791,조기종 교수님,21C환경문제이해
1792,고용 교수님,性의과학적이해 강의실 변경(교양관304호)
1793,정남현 교수님,생활속의생물학
1794,신현동 교수님,곰팡이와인간
1795,심우경 교수님,"식물,인간,환경"
1796,홍기창 교수님,생명과유전의이해
1797,김익환 교수님,생명공학에서바라본인체의신비(영강)
1798,장효일 교수님,식품과건강
1799,민병경 교수님,과학기술의논쟁(영강)
1800,박우준 교수님,미생물과미래융합기술
1801,배연재 교수님,생물다양성과진화
1802,손용석 교수님,인간과동물
1803,석흥일 교수님,기계학습의이해와응용(영강)
1804,Christian Wallraven 교수님,"실험의과학-데이터에기반한인간의감정,믿음,행동에관한이해(영강)"
1805,임희석 교수님,컴퓨팅사고력과일상의빅데이터 정보대학 학생 수강 금지
1806,윤범철 교수님,움직임과건강
1807,고형진 교수님,한국현대시산책
1808,김재혁 교수님,한국시속에살아있는독일문학
1809,장효현 교수님,한국고전문학과배경사상
1810,오형엽 교수님,한국의젊은시인들 MOOC
1811,류경선 교수님,현대음악의이해
1812,임준철 교수님,"한시,영화와엮어읽기"
1813,류경선 교수님,클래식음악의이해와감상
1814,최귀묵 교수님,문학의창으로본베트남
1815,김승현 교수님,사진과탈근대사회
1816,빈동철 교수님,"사고와표현Ⅰ 경영1, 1-34"
1817,정제호 교수님,"사고와표현Ⅰ 경영1, 35-68"
1818,강경덕 교수님,"사고와표현Ⅰ 경영1, 69-102"
1819,강경덕 교수님,"사고와표현Ⅰ 경영1, 103-136"
1820,이남면 교수님,"사고와표현Ⅰ 경영1, 137-170"
1821,이국진 교수님,"사고와표현Ⅰ 경영1, 171-204"
1822,소병일 교수님,"사고와표현Ⅰ 경영1, 205-238"
1823,강혜정 교수님,"사고와표현Ⅰ 경영1, 239-272"
1824,김진경 교수님,"사고와표현Ⅰ 경영1, 273-306"
1825,장민정 교수님,"사고와표현Ⅰ 경영1, 307-340"
1826,김근호 교수님,"사고와표현Ⅰ 경영1, 341-끝"
1827,전도현 교수님,"사고와표현Ⅰ 국문1, 1-33"
1828,이남면 교수님,"사고와표현Ⅰ 국문1, 34-끝"
1829,박금숙 교수님,"사고와표현Ⅰ 철학1, 1-30"
1830,진은경 교수님,"사고와표현Ⅰ 철학1, 31-끝, 사학1, 31-끝"
1831,이상재 교수님,"사고와표현Ⅰ 한국사학1, 1-끝."
1832,류경동 교수님,"사고와표현Ⅰ 사학1, 1-30"
1833,이채경 교수님,"사고와표현Ⅰ 심리1, 1-30"
1834,류경동 교수님,"사고와표현Ⅰ 심리1, 31-끝"
1835,양선진 교수님,"사고와표현Ⅰ 사회1, 1-28"
1836,임정식 교수님,"사고와표현Ⅰ 사회1, 29-56"
1837,강영미 교수님,"사고와표현Ⅰ 사회1, 57-끝"
1838,허연실 교수님,"사고와표현Ⅰ 한문1, 1-끝"
1839,강경덕 교수님,"사고와표현Ⅰ 영문1, 1-29"
1840,김희선 교수님,"사고와표현Ⅰ 영문1, 30-58"
1841,정제호 교수님,"사고와표현Ⅰ 영문1, 59-87"
1842,허영진 교수님,"사고와표현Ⅰ 영문1, 88-끝"
1843,김정숙 교수님,"사고와표현Ⅰ 독문1, 1-27"
1844,김연수 교수님,"사고와표현Ⅰ 불문1, 1-27"
1845,유호진 교수님,"사고와표현Ⅰ 불문1, 28-끝, 독문1, 28-끝"
1846,김도환 교수님,"사고와표현Ⅰ 중문1, 1-33"
1847,박명옥 교수님,"사고와표현Ⅰ 중문1, 34-끝"
1848,김태웅 교수님,"사고와표현Ⅰ 노문1, 1-28"
1849,양승이 교수님,"사고와표현Ⅰ 노문1, 29-끝, 일문1, 31-끝"
1850,김태웅 교수님,"사고와표현Ⅰ 일문1, 1-30"
1851,김도환 교수님,"사고와표현Ⅰ 서문1, 1-28"
1852,황치복 교수님,"사고와표현Ⅰ 서문1, 29-끝"
1853,임정식 교수님,"사고와표현Ⅰ 언어1, 1-끝"
1854,전성희 교수님,"사고와표현Ⅰ 생명과학부1, 001-028"
1855,권혁명 교수님,"사고와표현Ⅰ 생명과학부1, 029-056"
1856,장정희 교수님,"사고와표현Ⅰ 생명과학부1, 057-084"
1857,편상범 교수님,"사고와표현Ⅰ 생명과학부1, 085-끝"
1858,김정석 교수님,"사고와표현Ⅰ 생명공학부1, 201-230"
1859,김선영 교수님,"사고와표현Ⅰ 생명공학부1, 231-260"
1860,이상재 교수님,"사고와표현Ⅰ 생명공학부1, 261-290"
1861,김희진 교수님,"사고와표현Ⅰ 생명공학부1, 291-끝"
1862,김정석 교수님,"사고와표현Ⅰ 식품공학과1, 401-424"
1863,곽승숙 교수님,"사고와표현Ⅰ 식품공학과1, 425-끝"
1864,전도현 교수님,"사고와표현Ⅰ 환경생태공학부1, 501-524"
1865,김화성 교수님,"사고와표현Ⅰ 환경생태공학부1, 525-548"
1866,김정석 교수님,"사고와표현Ⅰ 환경생태공학부1, 549-끝"
1867,김희진 교수님,"사고와표현Ⅰ 식품자원경제1, 601-634"
1868,편상범 교수님,"사고와표현Ⅰ 식품자원경제1, 635-끝"
1869,홍은영 교수님,사고와표현Ⅰ 정외 1-30
1870,신향림 교수님,사고와표현Ⅰ 정외 31-60
1871,정경재 교수님,사고와표현Ⅰ 정외 61-끝
1872,박금숙 교수님,사고와표현Ⅰ 경제 1-30
1873,진은경 교수님,사고와표현Ⅰ 경제 31-60
1874,양승이 교수님,사고와표현Ⅰ 경제 61-90
1875,류경동 교수님,사고와표현Ⅰ 경제 91-120
1876,강동석 교수님,사고와표현Ⅰ 통계 1-30
1877,박명옥 교수님,사고와표현Ⅰ 통계 31-60
1878,김근호 교수님,"사고와표현Ⅰ 통계 61-끝, 경제 121-끝"
1879,장민정 교수님,사고와표현Ⅰ 행정 1-30
1880,강동석 교수님,사고와표현Ⅰ 행정 31-60
1881,박금숙 교수님,사고와표현Ⅰ 행정 61-끝
1882,이청 교수님,"사고와표현Ⅰ 수학1, 1-24"
1883,허영진 교수님,"사고와표현Ⅰ 수학1, 25-끝"
1884,윤종선 교수님,"사고와표현Ⅰ 물리1, 1-24"
1885,이청 교수님,"사고와표현Ⅰ 물리1, 25-끝"
1886,서한용 교수님,"사고와표현Ⅰ 화학1, 1-24"
1887,오현화 교수님,"사고와표현Ⅰ 화학1, 25-끝"
1888,김선영 교수님,"사고와표현Ⅰ 지구환경과학1, 1-20"
1889,김형중 교수님,"사고와표현Ⅰ 지구환경과학1, 21-끝"
1890,황치복 교수님,"사고와표현Ⅰ 화공생명1, 1-32"
1891,여금미 교수님,"사고와표현Ⅰ 화공생명1, 33-64"
1892,윤종선 교수님,"사고와표현Ⅰ 화공생명1, 65-끝"
1893,강경호 교수님,"사고와표현Ⅰ 신소재1, 101-130"
1894,조종화 교수님,"사고와표현Ⅰ 신소재1, 131-160"
1895,조민하 교수님,"사고와표현Ⅰ 신소재1, 161-190"
1896,곽승숙 교수님,"사고와표현Ⅰ 신소재1, 191-220"
1897,황치복 교수님,"사고와표현Ⅰ 신소재1, 221-끝"
1898,곽승숙 교수님,"사고와표현Ⅰ 건축사회환경1, 301-328"
1899,김화성 교수님,"사고와표현Ⅰ 건축사회환경1, 329-356"
1900,심재숙 교수님,"사고와표현Ⅰ 건축사회환경1, 357-384"
1901,서한용 교수님,"사고와표현Ⅰ 건축사회환경1,385-끝, 건축학1, 501-515"
1902,하재연 교수님,"사고와표현Ⅰ 건축학1, 516-끝"
1903,강경호 교수님,"사고와표현Ⅰ 기계공학부1, 601-632"
1904,윤종선 교수님,"사고와표현Ⅰ 기계공학부1, 633-664"
1905,이청 교수님,"사고와표현Ⅰ 기계공학부1, 665-696"
1906,이주라 교수님,"사고와표현Ⅰ 기계공학부1, 697-728"
1907,강영미 교수님,"사고와표현Ⅰ 기계공학부1, 729-끝"
1908,강철 교수님,"사고와표현Ⅰ 산업경영공학부1, 801-830"
1909,하영우 교수님,"사고와표현Ⅰ 산업경영공학부1, 831-끝"
1910,장정수 교수님,"사고와표현Ⅰ 전기전자공학부1, 901-927"
1911,조해옥 교수님,"사고와표현Ⅰ 전기전자공학부1, 928-954"
1912,김영애 교수님,"사고와표현Ⅰ 전기전자공학부1, 955-981"
1913,양선진 교수님,"사고와표현Ⅰ 전기전자공학부1, 982-1008"
1914,이아라 교수님,"사고와표현Ⅰ 의예1, 91-끝"
1915,강영미 교수님,"사고와표현Ⅰ 전기전자공학부1, 1009-1035"
1916,김제란 교수님,"사고와표현Ⅰ 전기전자공학부1, 1036-1062"
1917,강철 교수님,"사고와표현Ⅰ 전기전자공학부1, 1063-끝"
1918,하영우 교수님,"사고와표현Ⅰ 의예1, 1-30"
1919,김희선 교수님,"사고와표현Ⅰ 의예1, 31-60"
1920,이아라 교수님,"사고와표현Ⅰ 의예1, 61-90"
1921,황정현 교수님,"사고와표현Ⅰ 교육1, 1-22"
1922,문선영 교수님,"사고와표현Ⅰ 교육1, 23-44 / 2017.2.24 강의실 변경"
1923,양승이 교수님,"사고와표현Ⅰ 국교1, 101-130"
1924,장정희 교수님,"사고와표현Ⅰ 지교1, 301-325"
1925,장정희 교수님,"사고와표현Ⅰ 국교1, 131-끝, 지교1, 326-끝"
1926,강동석 교수님,"사고와표현Ⅰ 영교1, 201-222"
1927,박명옥 교수님,"사고와표현Ⅰ 영교1, 223-244"
1928,양윤의 교수님,"사고와표현Ⅰ 영교1, 245-끝"
1929,장민정 교수님,"사고와표현Ⅰ 역교1, 401-끝"
1930,김태웅 교수님,"사고와표현Ⅰ 가교1, 501-522"
1931,유호진 교수님,"사고와표현Ⅰ 교육1, 45-끝, 가교1, 523-끝"
1932,임정식 교수님,"사고와표현Ⅰ 체교1, 체육특기자1"
1933,진은경 교수님,"사고와표현Ⅰ 체교1, 701-740"
1934,허연실 교수님,"사고와표현Ⅰ 체교1, 741-끝"
1935,양윤의 교수님,"사고와표현Ⅰ 수교1, 601-620"
1936,김근호 교수님,"사고와표현Ⅰ 수교1, 621-끝"
1937,최은영 교수님,"사고와표현Ⅰ 간호1, 1-23"
1938,문선영 교수님,"사고와표현Ⅰ 간호1, 24-46"
1939,황정현 교수님,"사고와표현Ⅰ 간호1, 47-끝"
1940,빈동철 교수님,"사고와표현Ⅰ 컴퓨터1, 1-28"
1941,홍은영 교수님,"사고와표현Ⅰ 컴퓨터1, 29-56"
1942,장정수 교수님,"사고와표현Ⅰ 컴퓨터1, 57-84"
1943,전도현 교수님,"사고와표현Ⅰ 컴퓨터1, 85-112"
1944,김혜령 교수님,"사고와표현Ⅰ 컴퓨터1, 113-끝"
1945,오현화 교수님,"사고와표현Ⅰ 사이버국방학과 1, 1-끝"
1946,양윤의 교수님,"사고와표현Ⅰ 디자인조형학부 1, 1-27"
1947,최창원 교수님,"사고와표현Ⅰ 디자인조형학부 1, 28-끝"
1948,차준경 교수님,"사고와표현Ⅰ 국제학부 1, 1-25"
1949,김형중 교수님,"사고와표현Ⅰ 국제학부 1, 26-끝"
1950,김화성 교수님,"사고와표현Ⅰ 미디어학부 1, 1-31"
1951,김형중 교수님,"사고와표현Ⅰ 미디어학부 1, 32-62"
1952,하재연 교수님,"사고와표현Ⅰ 미디어학부 1, 63-끝"
1953,하재연 교수님,"사고와표현Ⅰ 바이오의공학부1, 1-22"
1954,김선영 교수님,"사고와표현Ⅰ 바이오의공학부1, 23-44"
1955,박진영 교수님,"사고와표현Ⅰ 바이오의공학부1, 45-끝"
1956,서정화 교수님,"사고와표현Ⅰ 바이오시스템의과학부1, 1-22"
1957,김영애 교수님,"사고와표현Ⅰ 바이오시스템의과학부1, 23-44"
1958,장정수 교수님,"사고와표현Ⅰ 바이오시스템의과학부1, 45-끝"
1959,박진영 교수님,"사고와표현Ⅰ 보건환경융합과학부1, 1-30"
1960,유호진 교수님,"사고와표현Ⅰ 자유전공 1, 79-끝"
1961,박진영 교수님,"사고와표현Ⅰ 보건환경융합과학부1, 31-60"
1962,박종우 교수님,"사고와표현Ⅰ 보건환경융합과학부1, 61-90"
1963,허영진 교수님,"사고와표현Ⅰ 보건환경융합과학부1, 91-끝"
1964,서한용 교수님,"사고와표현Ⅰ 보건정책관리학부1, 1-27"
1965,권혁명 교수님,"사고와표현Ⅰ 보건정책관리학부1, 28-54"
1966,김제란 교수님,"사고와표현Ⅰ 보건정책관리학부1, 55-끝"
1967,조종화 교수님,"사고와표현Ⅰ 자유전공 1, 1-26"
1968,여금미 교수님,"사고와표현Ⅰ 자유전공 1, 27-52"
1969,김연수 교수님,"사고와표현Ⅰ 자유전공 1, 53-78"
1970,김신정 교수님,사고와표현Ⅰ 재수강/미이수자반
1971,한세정 교수님,사고와표현Ⅰ 재수강/미이수자반
1972,정제호 교수님,사고와표현Ⅰ 재수강/미이수자반
1973,빈동철 교수님,"사고와표현Ⅱ 인문계 재수강/미이수:문대,사대(수교 제외),디자인,자유전공"
1974,여금미 교수님,"사고와표현Ⅱ 인문계 재수강/미이수:문대,사대(수교 제외),디자인,자유전공"
1975,이채경 교수님,"사고와표현Ⅱ 2016-2 신입생:문대,사대(수교 제외),디자인,자유전공"
1976,김희진 교수님,"사고와표현Ⅱ 사회계 재수강/미이수:법대,경영대,정경대, 미디어,국제,식자경,보건정책관리"
1977,차준경 교수님,"사고와표현Ⅱ 사회계 재수강/미이수:법대,경영대,정경대, 미디어,국제,식자경,보건정책관리"
1978,권선경 교수님,"사고와표현Ⅱ 2016-2 신입생:법대,경영대,정경대, 미디어,국제,식자경,보건정책관리"
1979,김혜령 교수님,"사고와표현Ⅱ 자연계 재수강/미이수:생과대(식자경 제외),이과대,공대,간호,의대,정보대,보과대,수교"
1980,연희원 교수님,"사고와표현Ⅱ 자연계 재수강/미이수:생과대(식자경 제외),이과대,공대,간호,의대,정보대,보과대,수교"
1981,김도환 교수님,"사고와표현Ⅱ 2016-2 신입생:생과대(식자경 제외),이과대,공대,간호,의대,정보대,보과대,수교"
1982,양태영 교수님,사고와표현Ⅰ 외국인특별반(초급) International Students Only(Foundation)
1983,한하림 교수님,사고와표현Ⅰ 외국인특별반(중급) International Students Only(Intermediate)
1984,조수진 교수님,사고와표현Ⅰ 외국인특별반(중급) International Students Only(Intermediate)
1985,장미정 교수님,사고와표현Ⅰ 외국인특별반(중급) International Students Only(Intermediate)
1986,이주미 교수님,사고와표현Ⅰ 외국인특별반(중급) International Students Only(Intermediate)
1987,윤혜지 교수님,사고와표현Ⅰ 외국인특별반(중급) International Students Only(Intermediate)
1988,채윤미 교수님,사고와표현Ⅰ 외국인특별반(고급) International Students Only(Advanced)
1989,이연정 교수님,사고와표현Ⅰ 외국인특별반(고급) International Students Only(Advanced)
1990,박현진 교수님,사고와표현Ⅰ 외국인특별반(고급) International Students Only(Advanced)
1991,류선숙 교수님,사고와표현Ⅱ 외국인특별반(중급) International Students Only(Intermediate)
1992,박정은 교수님,사고와표현Ⅱ 외국인특별반(중급) International Students Only(Intermediate)
1993,이은희 교수님,사고와표현Ⅱ 외국인특별반(중급) International Students Only(Intermediate)
1994,조수진 교수님,사고와표현Ⅱ 외국인특별반(중급) International Students Only(Intermediate)
1995,이경애 교수님,사고와표현Ⅱ 외국인특별반(고급) International Students Only(Advanced)
1996,이선영 교수님,사고와표현Ⅱ 외국인특별반(고급) International Students Only(Advanced)
1997,이지혜 교수님,사고와표현Ⅱ 외국인특별반(고급) International Students Only(Advanced)
1998,안효질 교수님,생활속의지적재산권
1999,신영호 교수님,고령사회와법
2000,김경근 교수님,한국의사회변동과교육
2001,남영우 교수님,세계화시대의도시와국토
2002,이상민 교수님,인간관계론
2003,홍영기 교수님,범죄와사회
2004,서승원 교수님,일본과동아시아
2005,강병근 교수님,"국제사회와법,그리고한국"
2006,김상희 교수님,마음의과학(영강)
2007,김희강 교수님,여성학
2008,강진웅 교수님,북한사회를이해하기
2009,장하성 교수님,한국의시장경제와자본주의의이해
2010,Asif H. Qureshi 교수님,General International Economic Law(영강)
2011,이정남 교수님,중국의대외정책과동아시아국제관계
2012,Judith Janna Maertens 교수님,독일문화와독일법(영강)
2013,김영근 교수님,세계화와지역주의
2014,김용중 교수님,시장경제와법
2015,이진규 교수님,현대기업경영
2016,심재숙 교수님,한국고전의세계
2017,전성희 교수님,비교문학의이해
2018,김화경 교수님,한국문학과세계문학
2019,이현경 교수님,한국근대문학과영화
2020,송은주 교수님,한국민요와대중가요
2021,장수경 교수님,아동청소년문학의이해
2022,이주미 교수님,학업한국어말하기 (외국인만 수강)
2023,한하림 교수님,학업한국어말하기 (외국인만 수강)
2024,김수은 교수님,학업한국어말하기 (외국인만 수강)
2025,이은희 교수님,학업한국어듣기 (외국인만 수강)
2026,이연정 교수님,학업한국어듣기 (외국인만 수강)
2027,공하림 교수님,학업한국어듣기 (외국인만 수강)
2028,정경재 교수님,한국어의역사
2029,도원영 교수님,한국어의사소통능력과리더십
2030,강웅식 교수님,한국현대문학의쟁점들
2031,박영민 교수님,한국고전문학과역사기행
2032,황정현 교수님,문학과여성
2033,서태길 교수님,한국어어문규범의이해와적용
2034,최은영 교수님,한국근대문학과도시
2035,유영현 교수님,영미단편강독
2036,김성훈 교수님,영미대중문학읽기
2037,장문정 교수님,문학과철학
2038,김경수 교수님,경제와윤리
2039,"김성호,마해륜 교수님",철학이란무엇인가?
2040,이병철 교수님,서양사상의이해
2041,홍경실 교수님,서양사상TopicCourse
2042,오지은 교수님,그리스신화와비극
2043,김근호 교수님,한국사상산책
2044,강용수 교수님,문화의철학적이해
2045,강경덕 교수님,현대사회의윤리적쟁점들
2046,김성호 교수님,현대사회의윤리적쟁점들
2047,최순필 교수님,과학의철학적이해
2048,홍은영 교수님,영상예술의철학적이해
2049,편상범 교수님,희랍어
2050,고경주 교수님,라틴어
2051,반기현 교수님,라틴어
2052,손태창 교수님,라틴어
2053,함형석 교수님,산스크리트어
2054,김경수 교수님,미학입문
2055,전영삼 교수님,논리학입문
2056,김재숙 교수님,동양예술의철학적이해
2057,이병욱 교수님,불교와현대사회
2058,김근호 교수님,한국고전의철학적이해
2059,허인욱 교수님,과학과기술로본한국사
2060,박은숙 교수님,서울지역의향토문화
2061,신선혜 교수님,한국전통문화의이해
2062,허인욱 교수님,한국전통문화의이해
2063,김창현 교수님,한국전통문화의이해
2064,이동훈 교수님,한국전통문화의이해
2065,최진욱 교수님,한국인의역사인식
2066,이송순 교수님,한국인의역사인식
2067,송병권 교수님,한국인의역사인식
2068,조형열 교수님,한국근현대민족운동사
2069,현광호 교수님,한국근현대민족운동사
2070,이동훈 교수님,한국역사의국제적환경
2071,박진 교수님,한국역사상의전쟁과평화
2072,김순남 교수님,조선왕조실록의세계
2073,김소영 교수님,한국사와개혁운동
2074,신용옥 교수님,한국사와개혁운동
2075,박윤진 교수님,삼국사기와고려사의이해
2076,이석현 교수님,동아시아문명사
2077,오인영 교수님,유럽지성사
2078,김진우 교수님,실크로드와동서문화교류
2079,김호 교수님,중국여성사
2080,서민교 교수님,한일교류의역사
2081,이호현 교수님,중국근현대의개혁과혁명
2082,고경주 교수님,서양문명사산책
2083,김동혁 교수님,서양문명사산책 담당교수 변경
2084,윤선자 교수님,서양문명사산책
2085,김동혁 교수님,서양문명사산책
2086,한해정 교수님,주제로본서양문화사
2087,윤선자 교수님,주제로본서양문화사
2088,최승혁 교수님,심리학의이해
2089,김현정 교수님,심리학의이해
2090,한민 교수님,심리학의이해
2091,정형수 교수님,심리학의이해
2092,구민모 교수님,심리학의이해
2093,최일호 교수님,심리학의이해
2094,김나라 교수님,현대인의정신건강
2095,김수영 교수님,현대사회와가족
2096,이철우 교수님,사회복지의이해
2097,이종선 교수님,정보사회론
2098,김상숙 교수님,현대사회와NGO
2099,문지선 교수님,성과사회
2100,손애리 교수님,한국현대사회의이해
2101,김영선 교수님,여가와사회
2102,이정린 교수님,독일의대안문화
2103,"전휘원,이진숙 교수님",독일문학의탐색
2104,정명순 교수님,독일여성문학
2105,전휘원 교수님,독일예술의이해
2106,전휘원 교수님,독일연극의이해
2107,송용구 교수님,독일문화와종교
2108,이경미 교수님,독일예술과신화
2109,안철택 교수님,독일도시와문학
2110,김인순 교수님,독일소설과사회
2111,정장진 교수님,프랑스문화탐색
2112,유재화 교수님,프랑스문학탐색
2113,정명희 교수님,프랑스역사와사회탐색
2114,송태효 교수님,프랑스공연예술탐색
2115,송태효 교수님,프랑스영화탐색
2116,정장진 교수님,광고로보는프랑스미술사
2117,주기평 교수님,중국문학산책
2118,김영민 교수님,중국어번역연습
2119,김혜란 교수님,러시아문화의이해
2120,손성하 교수님,동양의지혜
2121,박종우 교수님,동양의지혜
2122,신향림 교수님,생활한자
2123,김광섭 교수님,생활한자
2124,백진우 교수님,생활한자
2125,강동석 교수님,생활한자
2126,이남면 교수님,생활한자
2127,권혁명 교수님,생활한자
2128,양승이 교수님,생활한자
2129,권진옥 교수님,생활한자
2130,이희영 교수님,생활한자
2131,최유진 교수님,생활한자
2132,김광년 교수님,생활한자
2133,이국진 교수님,교양한문Ⅰ
2134,안득용 교수님,교양한문Ⅰ
2135,차준경 교수님,언어의이해
2136,지승학 교수님,언어와시각커뮤니케이션
2137,김예경 교수님,언어와시각커뮤니케이션
2138,김일환 교수님,언어의응용 담당교수님: 김은호 교수님에서 김일환 교수님으로 변경
2139,남광규 교수님,북한의정치와사회
2140,우준희 교수님,한국과국제사회
2141,백미연 교수님,현대정치와이데올로기
2142,김두진 교수님,현대민주주의의미래
2143,이성우 교수님,한국정치의이해
2144,김지일 교수님,국제정치의이해
2145,정세열 교수님,경제학개론 (경제1전공자 수강불가)(인원제한:70명)
2146,송해련 교수님,경제학개론 (경제1전공자 수강불가)(인원제한:160명)정경관205호→정경관506호로 강의실 변경
2147,이은경 교수님,정부와나 * 행정1전공자 수강불가(구 행정학개론)
2148,정재원 교수님,기술경영및전략
2149,표재호 교수님,과학기술과지식재산
2150,박상성 교수님,특허정보검색및실습
2151,강방수 교수님,축구 체육교육과 수강금지
2152,장성운 교수님,축구 체육교육과 수강금지
2153,김정석 교수님,호신술
2154,최상협 교수님,호신술
2155,윤정은 교수님,수영 체육교육과 수강금지
2156,전선영 교수님,수영 체육교육과 수강금지
2157,김태윤 교수님,수영 체육교육과 수강금지
2158,서경호 교수님,스쿼시
2159,송창익 교수님,테니스
2160,이병찬 교수님,테니스
2161,왕용덕 교수님,골프 체육교육과 수강금지
2162,박정은 교수님,골프 체육교육과 수강금지
2163,김대현 교수님,골프 체육교육과 수강금지
2164,최성욱 교수님,골프 체육교육과 수강금지
2165,김은혜 교수님,볼링
2166,박종서 교수님,볼링
2167,윤정은 교수님,스포츠댄스 체육교육과 수강금지
2168,임승진 교수님,스포츠댄스 체육교육과 수강금지
2169,신주영 교수님,스포츠댄스 체육교육과 수강금지
2170,김태윤 교수님,빙상
2171,최희동 교수님,"빙상 OT,이론: 3/7, 3/14 사대신관327호"
2172,최희동 교수님,"빙상 OT,이론: 3/8, 3/15 사대신관223호"
2173,송용관 교수님,농구 체육교육과 수강금지
2174,이진석 교수님,농구 체육교육과 수강금지
2175,양재혁 교수님,농구 체육교육과 수강금지
2176,장성운 교수님,배드민턴 체육교육과 수강금지
2177,김성규 교수님,배드민턴 체육교육과 수강금지
2178,김연정 교수님,요가
2179,전해리 교수님,요가
2180,최수영 교수님,요가
2181,안지영 교수님,요가
2182,오은선 교수님,암벽등반
2183,홍지은 교수님,암벽등반
2184,김금자 교수님,피트니스앤헬스
2185,라효상 교수님,피트니스앤헬스
2186,정연길 교수님,탁구
2187,라효상 교수님,현대인의몸과문화
2188,김규호 교수님,캠핑과안전
2189,이병찬 교수님,캠핑과안전
2190,장인희 교수님,청년발달과자기이해
2191,김경미 교수님,청년발달과자기이해
2192,노주현 교수님,한국의복식과미
2193,한영선 교수님,다문화사회에서의가정
2194,"김유경,손혜숙 교수님",대학생을위한바른식생활 (팀티칭으로의 변경 2017.02.16)
2195,손승호 교수님,도시와국토 (자연계대상)
2196,박성근 교수님,도시와국토 (인문계대상)
2197,신성희 교수님,자연과인간생활
2198,김상준 교수님,근대화와동아시아세계
2199,김윤희 교수님,쟁점으로보는한국사
2200,김진우 교수님,전통시대동양의법과사회
2201,김종규 교수님,모두를위한파이썬프로그래밍
2202,강영순 교수님,말레이인도네시아의언어와문화
2203,최형원 교수님,몽골의언어와문화
2204,임은숙 교수님,포르투갈-브라질의언어와문화
2205,이동은 교수님,아랍의언어와문화
2206,이기철 교수님,이탈리아의언어와문화
2207,옥상훈 교수님,낭만파음악산책
2208,박인혜 교수님,판소리의이해
2209,류경선 교수님,기초음악이론
2210,김영경 교수님,이슬람문화와역사
2211,윤유정 교수님,오페라의세계
2212,변민수 교수님,사회봉사의이론과실제
2213,노형남 교수님,환대산업
2214,류경선 교수님,기초음악작곡법
2215,박윤진 교수님,한국의역사와문화유산 외국인/교포/북한동포 입학유형만 수강신청 가능
2216,김난옥 교수님,한국의역사와문화유산(외국어강의) 외국인/교포/북한동포 입학유형만 수강신청 가능
2217,김성남 교수님,한국의역사와문화(영강) 외국인/재외국민/순수정원외 입학유형만 수강신청 가능
2218,김유신 교수님,Campus CEO 2.0(Ⅰ)
2219,김영주 교수님,Campus CEO 2.0(Ⅰ)
2220,고제상 교수님,Campus CEO 2.0(Ⅱ)
2221,한관수 교수님,캠퍼스CEO글로벌시장진출전략
2222,류선종 교수님,혁신트렌드와비즈니스모델
2223,김은주 교수님,생애설계와자기이해
2224,이수은 교수님,한국음악의세계
2225,이현승 교수님,자유정의진리Ⅰ 2017학번 신입생 대상 과목
2226,양윤의 교수님,자유정의진리Ⅰ 2017학번 신입생 대상 과목
2227,오연경 교수님,자유정의진리Ⅰ 2017학번 신입생 대상 과목
2228,이윤희 교수님,한국어초급Ⅱ 외국인학생(한국인학생 수강불가)
2229,김재희 교수님,한국어중급Ⅰ 외국인학생(한국인학생 수강불가)
2230,김정원 교수님,한국어중급Ⅰ 외국인학생(한국인학생 수강불가)
2231,홍은선 교수님,한국어중급Ⅱ 외국인학생(한국인학생 수강불가)
2232,이관재 교수님,한국어중급Ⅱ 외국인 대학원생 전용Foreign Graduate Students Only
2233,김수산나 교수님,한국어고급Ⅰ 외국인학생(한국인학생 수강불가)
2234,김민혜 교수님,한국어초급말하기I 외국인학생(한국인학생 수강불가)
2235,인윤희 교수님,한국어초급말하기I 외국인학생(한국인학생 수강불가)
2236,방지선 교수님,한국어초급말하기I 외국인학생(한국인학생 수강불가)
2237,박소라 교수님,한국어초급말하기II 외국인학생(한국인학생 수강불가)
2238,유한아 교수님,한국어초급말하기II 외국인학생(한국인학생 수강불가)
2239,김혜린 교수님,한국어초급말하기II 외국인학생(한국인학생 수강불가)
2240,박영지 교수님,한국어중급말하기 외국인학생(한국인학생 수강불가)
2241,유숙자 교수님,한국어중급읽기 외국인학생(한국인학생 수강불가)
2242,박영지 교수님,한국어중급읽기 외국인학생(한국인학생 수강불가)
2243,김민혜 교수님,한국어초급쓰기 외국인학생(한국인학생 수강불가)
2244,인윤희 교수님,한국어초급쓰기 외국인학생(한국인학생 수강불가)
2245,유한아 교수님,한국어중급쓰기 외국인학생(한국인학생 수강불가)
2246,유석훈 교수님,언어와문화(영강) 강의실 변경(화 교양관605호)(목 교양관306호)
2247,안호용 교수님,사회와문화의인류학적이해
2248,최규발 교수님,중국의언어와문자
2249,김진규 교수님,유라시아한인문화탐방
2250,전성기 교수님,번역문화
2251,박종천 교수님,종교와영화
2252,조명철 교수님,인물로본일본의역사
2253,윤재민 교수님,삼국유사의세계
2254,김동훈 교수님,전쟁과평화의역사
2255,유희수 교수님,서양문화의사회사
2256,김경현 교수님,서양고대의신화와역사
2257,송완범 교수님,역사는어떻게서술되는가?
2258,최광식 교수님,실크로드와한국문화
2259,송혁기 교수님,<사기>의 인물과시대
2260,김선택 교수님,법과인권
2261,김동주 교수님,뇌과학의윤리적이해(영강)
2262,신창호 교수님,배려의철학 Flipped Class(월요일 온라인수업)
2263,심경호 교수님,"논어,처음만나는한문고전"
2264,이천희 교수님,스포츠와윤리 체육특기생 전용과목
2265,성창원 교수님,도덕철학의문제들 Flipped Class
2266,이승택 교수님,죽음과법
2267,박성근 교수님,현대적시각에서보는헬레니즘문화와기독교사상의융합
2268,김기창 교수님,법철학과유가사상
2269,박세민 교수님,법학통론 (자유전공학부 1학년 대상)
2270,황원재 교수님,법학통론
2271,김소연 교수님,법학통론
2272,김효연 교수님,법학통론
2273,노현숙 교수님,법학통론
2274,김동현 교수님,법학통론
2275,유주선 교수님,기업법Ⅱ
2276,조지현 교수님,기업법Ⅱ
2277,정석우 교수님,회계학원리(영강)
2278,김진배 교수님,회계학원리(영강)
2279,배진한 교수님,회계학원리(영강)
2280,유용근 교수님,회계학원리(영강)
2281,허진숙 교수님,회계학원리
2282,이민영 교수님,회계학원리(영강)
2283,유소진 교수님,회계학원리(영강)
2284,김기훈 교수님,경영통계(영강)
2285,김병조 교수님,경영통계(영강)
2286,Inna Drobouchevitch 교수님,경영통계(영강)
2287,안철옥 교수님,경영통계(영강)
2288,이상준 교수님,경영통계(영강)
2289,정의범 교수님,경영통계(영강)
2290,정다운 교수님,경영통계
2291,김재환 교수님,"경영학입문(영강) 경영대학 전공생에 한함,경영학의이해 유사과목"
2292,박경삼 교수님,"경영학입문 경영대학 전공생에 한함,경영학의이해 유사과목"
2293,황은하 교수님,영어학입문(영강)
2294,하인혜 교수님,영미문학입문
2295,Kathleen Lee 교수님,글로벌커뮤니케이션I(영강)
2296,이희경 교수님,문화간영어커뮤니케이션I(영강)
2297,조종화 교수님,서양철학입문
2298,소병일 교수님,서양철학입문
2299,박지용 교수님,서양철학입문
2300,이석배 교수님,서양철학입문
2301,윤삼석 교수님,서양철학입문
2302,황호식 교수님,동양철학입문
2303,나우권 교수님,동양철학입문
2304,김형중 교수님,동양철학입문
2305,최순필 교수님,비판적사고와논리
2306,전영삼 교수님,비판적사고와논리
2307,한승훈 교수님,"한국사개론 <한국사의재조명> 유사과목, 핵심교양인정 신청 가능(포털공지>학사일정 참조)"
2308,현광호 교수님,"한국사개론 <한국사의재조명> 유사과목, 핵심교양인정 신청 가능(포털공지>학사일정 참조)"
2309,이송순 교수님,"한국사개론 <한국사의재조명> 유사과목, 핵심교양인정 신청 가능(포털공지>학사일정 참조)"
2310,이장웅 교수님,"한국사개론 <한국사의재조명> 유사과목, 핵심교양인정 신청 가능(포털공지>학사일정 참조)"
2311,박미선 교수님,"한국사개론 <한국사의재조명> 유사과목, 핵심교양인정 신청 가능(포털공지>학사일정 참조)"
2312,김윤희 교수님,"한국사개론 <한국사의재조명> 유사과목, 핵심교양인정 신청 가능(포털공지>학사일정 참조)"
2313,김경란 교수님,"한국사개론 <한국사의재조명> 유사과목, 핵심교양인정 신청 가능(포털공지>학사일정 참조)"
2314,박진 교수님,"한국사개론(영강) <한국사의재조명> 유사과목, 핵심교양인정 신청 가능(포털공지>학사일정 참조)"
2315,박시현 교수님,동양사의재조명
2316,정애영 교수님,동양사의재조명
2317,권인용 교수님,동양사의재조명
2318,이완석 교수님,동양사의재조명
2319,권민균 교수님,동양사의재조명
2320,염운옥 교수님,서양사의재조명
2321,손태창 교수님,서양사의재조명
2322,이혜경 교수님,사회학개론
2323,김성일 교수님,사회학개론
2324,김남옥 교수님,사회학개론
2325,최진희 교수님,러시아아방가르드와혁명
2326,서정화 교수님,초급한문
2327,김재욱 교수님,초급한문
2328,임영복 교수님,생명과학 공과대학생만 수강 신청가능
2329,김대연 교수님,생명과학 공과대학생만 수강 신청가능
2330,옥승한 교수님,생명과학 공과대학생만 수강 신청가능
2331,김익영 교수님,생명과학 공과대학생만 수강 신청가능
2332,김지현 교수님,생명과학 공대생및자연계생도 수강 신청가능
2333,윤철원 교수님,생명과학
2334,"안병윤,김익환최의주 교수님",일반생물학및연습I 2017 생명과학부(1~56)
2335,"고용,강성만김지현 교수님",일반생물학및연습I 2017 생명과학부(57~끝)
2336,"김범석,송문정김현정 교수님",일반생물학및연습I 2017 생명공학부(201~260)
2337,"김정국,이철구강지현 교수님",일반생물학및연습I 2017 생명공학부(261~끝)
2338,"김태성,윤봉준임영복 교수님",일반생물학및연습I 2017 식품공학과(401~끝)
2339,"김준,배연재유상동 교수님",일반생물학및연습I 2017 환경생태공학부(501~끝)
2340,"이철구,지성길한경덕 교수님","일반생물학및연습I 이과대학,공과대학(Ⅱ)"
2341,"김재홍,김태성김지현 교수님",일반생물학및연습I 2017 간호대학(1~30)
2342,"임영복,정선도 교수님",일반생물학및연습I 2016 간호대학(31~끝)
2343,"강지현,정선도 교수님",일반생물학및연습I 2017 바이오의공학부
2344,"김익환,박세호이남택 교수님",일반생물학및연습I 2017 바이오시스템의과학부(1~끝)
2345,옥승한 교수님,일반생물학및연습I 2017 보건환경융합과학부(1~60)
2346,"김지현,유성철 교수님",일반생물학및연습I 2017 보건환경융합과학부(61~끝)
2347,"유성철,김현정 교수님",일반생물학및연습I 생명과학대학(재수강/편입생/전체학과)
2348,"한경덕,이남택김현정 교수님",일반생물학및연습I 보건과학대학(재수강/편입생/전체학과)
2349,조용철 교수님,"일반생물학및연습I(영강) 외국국적,12년이상 외국에서 공부한 학생"
2350,유성철 교수님,일반생물학실험I 2017 생명과학부(20~38)
2351,김정국 교수님,일반생물학실험I 2017 생명과학부(57~73)
2352,이철구 교수님,일반생물학실험I 2017 생명과학부(91~끝)
2353,배연재 교수님,일반생물학실험I 2017 생명공학부(201~220)
2354,유상동 교수님,일반생물학실험I 2017 생명공학부(241~260)
2355,한경덕 교수님,일반생물학실험I 2017 생명공학부(279~297)
2356,정선도 교수님,일반생물학실험I 2017 생명공학부(298~끝)
2357,임영복 교수님,일반생물학실험I 2017 식품공학과(401~417)
2358,김지현 교수님,일반생물학실험I 2017 식품공학과(418~435)
2359,지성길 교수님,일반생물학실험I 2017 환경생태공학부(501~517)
2360,김현정 교수님,일반생물학실험I 2017 환경생태공학부(536~553)
2361,임영복 교수님,일반생물학실험I 생명과학대학(재수강/편입생/전체학과)
2362,윤봉준 교수님,"일반생물학실험I 이과대학,공과대학(Ⅲ)"
2363,김준 교수님,일반생물학실험I 바이오의공학부(Ⅱ)
2364,조용철 교수님,일반생물학실험I 2017 바이오시스템의과학부(1~17)
2365,옥승한 교수님,일반생물학실험I 2017 바이오시스템의과학부(18~34)
2366,박세호 교수님,일반생물학실험I 2017 바이오시스템의과학부(35~51)
2367,김지현 교수님,일반생물학실험I 2017 바이오시스템의과학부(52~끝)
2368,김범석 교수님,일반생물학실험I 2017 보건환경융합과학부(1~20)
2369,송문정 교수님,일반생물학실험I 2017 보건환경융합과학부(21~40)
2370,이철구 교수님,일반생물학실험I 2017 보건환경융합과학부(41~60)
2371,최의주 교수님,일반생물학실험I 2017 보건환경융합과학부(61~77)
2372,김태성 교수님,일반생물학실험I 2017 보건환경융합과학부(78~94)
2373,최상윤 교수님,일반생물학실험I 2017 보건환경융합과학부(95~끝)
2374,김익환 교수님,일반생물학실험I 보건과학대학(재수강/편입생/전체학과)
2375,황광연 교수님,화학의기초및연습Ⅰ(영강) 2017 생명과학부(001-044)
2376,송현규 교수님,화학의기초및연습Ⅰ(영강) 2017 생명과학부(051-088)
2377,최인걸 교수님,화학의기초및연습Ⅰ(영강) 2017 생명과학부(089-끝)2017 생명공학부(201-237)
2378,이병천 교수님,화학의기초및연습Ⅰ(영강) 2017 생명공학부(238-281)
2379,정남현 교수님,화학의기초및연습Ⅰ 2017 생명공학부(282-끝)2017 식품공학과(401-421)
2380,김정규 교수님,화학의기초및연습Ⅰ 2017 식품공학과(422-끝)2017 환경생태공학부(501-522)
2381,현승훈 교수님,화학의기초및연습Ⅰ(영강) 2017 환경생태공학부(523~끝)
2382,권정환 교수님,화학의기초및연습Ⅰ(영강) 신입생 외(재수강/고학년/편입생/타학과생)
2383,김진수 교수님,생물통계학
2384,홍기창 교수님,생물통계학
2385,천용식 교수님,생물통계학
2386,송현규 교수님,화학의기초실험Ⅰ 2017 생명과학부(001-017)
2387,정남현 교수님,화학의기초실험Ⅰ 2017 생명과학부(052-068)
2388,황광연 교수님,화학의기초실험Ⅰ 2017 생명과학부(069-085)
2389,이병천 교수님,화학의기초실험Ⅰ 2017 생명공학부(242-258)
2390,최인걸 교수님,화학의기초실험Ⅰ 2017 생명공학부(276-292)
2391,이병천 교수님,화학의기초실험Ⅰ 2017 생명공학부(293-끝)2017 식품공학과(401-404)
2392,황광연 교수님,화학의기초실험Ⅰ 2017 식품공학과(405-421)
2393,현승훈 교수님,화학의기초실험Ⅰ 2017 환경생태공학부(514-531)
2394,김정규 교수님,화학의기초실험Ⅰ 2017 환경생태공학부(532-549)
2395,권정환 교수님,화학의기초실험Ⅰ 2017 환경생태공학부(550-끝)
2396,권정환 교수님,화학의기초실험Ⅰ 신입생 외(재수강/고학년/편입생/타학과생)
2397,양승룡 교수님,식품자원경제학개론
2398,임송수 교수님,시장과경제(영강)
2399,임재영 교수님,응용경제수학(영강)
2400,주형민 교수님,"정치학의기본탐구 (학수번호변경, 유사과목:POLI151)"
2401,송재혁 교수님,정치학원론 (정외1전공자 수강불가)
2402,권오익 교수님,세계와한국경제 학수번호변경(유사과목:ECON150)<2017학번부터 수강불가/2016학번은 재수강만 가능>
2403,조형준 교수님,통계적탐구
2404,전명식 교수님,기초통계학
2405,정재환 교수님,기초통계학 (인문계생에 한함/자연계생 수강불가)
2406,백정민 교수님,기초통계학 (자연계캠퍼스)
2407,윤성식 교수님,행정학원론 (행정학과1전공자에 한함)
2408,김헌 교수님,행정학원론
2409,정광섭 교수님,"일반화학실험Ⅰ 수학 '17학번, 물리 '17학번"
2410,김준곤 교수님,일반화학실험Ⅰ 화공생명 '17학번
2411,김학중 교수님,일반화학실험Ⅰ 신소재 '17학번 (91-끝)
2412,최기항 교수님,일반화학실험Ⅰ 전기전자전파 '17학번 (1-100)
2413,이석중 교수님,일반화학실험Ⅰ 전기전자전파 '17학번 (100-끝)
2414,우한영 교수님,일반화학실험Ⅰ 바이오시스템 '17학번 (CHEM153 재수강)
2415,김준곤 교수님,일반화학실험Ⅰ 바이오의공 '17학번(CHEM153 재수강)
2416,정광섭 교수님,"일반화학실험Ⅰ 화학 '17학번, 지구 '17학번"
2417,김학중 교수님,일반화학실험Ⅰ 신소재 '17학번 (1-90)
2418,최기항 교수님,일반화학실험Ⅰ 전기전자전파 '17학번 (100-끝)
2419,우한영 교수님,일반화학실험 기계공학 '17학번 (65-끝)
2420,이광렬 교수님,일반화학실험 산업경영공학 '17학번(CHEM155 재수강)
2421,이석중 교수님,일반화학실험 기계공학 '17학번 (1-64)(CHEM155 재수강)
2422,윤효재 교수님,일반화학실험 의예과 '17학번
2423,이석중 교수님,일반화학실험 의예과 '17학번
2424,서지은 교수님,지구환경과학실험I
2425,김재훈 교수님,지구환경과학실험I
2426,안향식 교수님,지구환경과학실험I
2427,박진오 교수님,지구환경과학실험I
2428,김창성 교수님,지구환경과학실험I
2429,오준섭 교수님,지구환경과학실험I
2430,이경민 교수님,"일반물리학실험Ⅰ 이과대('17학번), '17학번외 재수강/미이수자"
2431,김준영 교수님,"일반물리학실험Ⅰ 공과대 화공생명('17학번), '17학번외 재수강/미이수자"
2432,박진성 교수님,"일반물리학실험Ⅰ 공과대 신소재('17학번 101 ~ 190), '17학번외 재수강/미이수자"
2433,박진성 교수님,"일반물리학실험Ⅰ 공과대 건축사회환경('17학번), '17학번외 재수강/미이수자"
2434,김현 교수님,"일반물리학실험Ⅰ 공과대 기계('17학번 601 ~ 696), '17학번외 재수강/미이수자"
2435,이정엽 교수님,"일반물리학실험Ⅰ 공과대 전기전자('17학번 901 ~ 981), '17학번외 재수강/미이수자"
2436,BENARD MULILO 교수님,일반물리학실험Ⅰ(영강) 외국인반 (※ 내국인은 한국어 불가능자만 수강 허용)
2437,이상학 교수님,"일반물리학실험Ⅰ 이과대('17학번), '17학번외 재수강/미이수자"
2438,이상학 교수님,"일반물리학실험Ⅰ 공과대 화공생명('17학번), '17학번외 재수강/미이수자"
2439,이서주 교수님,"일반물리학실험Ⅰ 공과대 화공생명('17학번), '17학번외 재수강/미이수자"
2440,서명호 교수님,"일반물리학실험Ⅰ 공과대 신소재('17학번 101 ~ 190), '17학번외 재수강/미이수자"
2441,김성은 교수님,"일반물리학실험Ⅰ 공과대 신소재('17학번 101 ~ 190), '17학번외 재수강/미이수자"
2442,박수영 교수님,"일반물리학실험Ⅰ 공과대 신소재('17학번 101 ~ 190), '17학번외 재수강/미이수자"
2443,이학봉 교수님,"일반물리학실험Ⅰ 공과대 신소재('17학번 191 ~ 끝), '17학번외 재수강/미이수자"
2444,김현 교수님,"일반물리학실험Ⅰ 공과대 건축사회환경('17학번), '17학번외 재수강/미이수자"
2445,김재박 교수님,"일반물리학실험Ⅰ 공과대 건축사회환경('17학번), '17학번외 재수강/미이수자"
2446,곽상환 교수님,"일반물리학실험Ⅰ 공과대 기계('17학번 601 ~ 696), '17학번외 재수강/미이수자"
2447,이상학 교수님,"일반물리학실험Ⅰ 공과대 기계('17학번 697 ~ 끝), '17학번외 재수강/미이수자"
2448,전기완 교수님,"일반물리학실험Ⅰ 공과대 기계('17학번 697 ~ 끝), '17학번외 재수강/미이수자"
2449,김숙호 교수님,"일반물리학실험Ⅰ 공과대 전기전자('17학번 901 ~ 981), '17학번외 재수강/미이수자"
2450,최성훈 교수님,"일반물리학실험Ⅰ 공과대 전기전자('17학번 901 ~ 981), '17학번외 재수강/미이수자"
2451,박현정 교수님,"일반물리학실험Ⅰ 공과대 전기전자('17학번 982 ~ 끝), '17학번외 재수강/미이수자"
2452,이상학 교수님,"일반물리학실험Ⅰ 공과대 전기전자('17학번 982 ~ 끝), '17학번외 재수강/미이수자"
2453,이정엽 교수님,"일반물리학실험Ⅰ 공과대 전기전자('17학번 982 ~ 끝), '17학번외 재수강/미이수자"
2454,이학봉 교수님,"일반물리학실험Ⅰ 공과대 전기전자('17학번 982 ~ 끝), '17학번외 재수강/미이수자"
2455,하태욱 교수님,"일반물리학실험Ⅰ 보건과학대('17학번), '17학번외 재수강/미이수자"
2456,김성은 교수님,"일반물리학실험Ⅰ 보건과학대('17학번), '17학번외 재수강/미이수자"
2457,이호준 교수님,"일반물리학실험Ⅰ 보건과학대('17학번), '17학번외 재수강/미이수자"
2458,이기환 교수님,"일반물리학실험Ⅰ 보건과학대('17학번), '17학번외 재수강/미이수자"
2459,최성훈 교수님,"일반물리학실험Ⅰ 공과대 화공생명('17학번), '17학번외 재수강/미이수자"
2460,장훈 교수님,"일반물리학실험Ⅰ 공과대 신소재('17학번 191 ~ 끝), '17학번외 재수강/미이수자"
2461,정창근 교수님,"생명물리학실험 생명과학대('17학번, '17학번외 재수강/미이수자 포함)"
2462,고학석 교수님,"생명물리학실험 생명과학대('17학번, '17학번외 재수강/미이수자 포함)"
2463,허야용 교수님,미적분학및연습I 이과대학 수학과 17학번 / 이과대학
2464,윤중석 교수님,미적분학및연습I 이과대학 물리학과 17학번 / 이과대학
2465,김용무 교수님,미적분학및연습I 이과대학 화학과 17학번 / 이과대학
2466,강수란 교수님,미적분학및연습I 이과대학 지구환경과학과 17학번 / 이과대학
2467,서아림 교수님,미적분학및연습I 사범대학 수학교육과 17학번
2468,최종근 교수님,미적분학및연습I 공과대학 화공생명공학과 17학번 (1-40)
2469,김미정 교수님,미적분학및연습I 공과대학 화공생명공학과 17학번 (41-끝)
2470,장정환 교수님,미적분학및연습I 공과대학 신소재공학부 17학번 (101-144)
2471,백영희 교수님,미적분학및연습I 공과대학 신소재공학부 17학번 (145-188)
2472,고원률 교수님,미적분학및연습I 공과대학 신소재공학부 17학번 (189-끝)
2473,강수란 교수님,미적분학및연습I 공과대학 건축사회환경공학부 17학번 (301-346)
2474,김재현 교수님,미적분학및연습I 공과대학 건축사회환경공학부 17학번 (347-끝)
2475,권영우 교수님,미적분학및연습I 공과대학 기계공학부 17학번 (601-635)
2476,이형용 교수님,미적분학및연습I 공과대학 기계공학부 17학번 (636-670)
2477,조규동 교수님,미적분학및연습I 공과대학 기계공학부 17학번 (671-702)
2478,이경화 교수님,미적분학및연습I 공과대학 기계공학부 17학번 (703-끝)
2479,이경화 교수님,미적분학및연습I 산업경영공학부 17학번 (801-826) / 건축학과 17학번 / 컴퓨터통신공학부
2480,김기택 교수님,미적분학및연습I 산업경영공학부 17학번 (827-끝) / 건축학과 17학번 / 컴퓨터통신공학부
2481,장정환 교수님,미적분학및연습I 공과대학 전기전자공학부 17학번 (901-943)
2482,오형석 교수님,미적분학및연습I 공과대학 전기전자공학부 17학번 (944-986)
2483,남영우 교수님,미적분학및연습I 공과대학 전기전자공학부 17학번 (987-1026)
2484,양종호 교수님,미적분학및연습I 공과대학 전기전자공학부 17학번 (1027-끝)
2485,권보현 교수님,미적분학및연습I 의과대학 의예과 17학번
2486,황진옥 교수님,미적분학및연습I 정보대학 사이버국방학과 17학번
2487,조영경 교수님,미적분학및연습I 인문계열
2488,김재현 교수님,미적분학및연습I 보건과학대학 바이오의공학부 17학번 (1-35)
2489,최은선 교수님,미적분학및연습I 보건과학대학 바이오의공학부 17학번 (36-끝)
2490,백영희 교수님,미적분학및연습I 보건과학대학 보건환경융합과학부 17학번 (1-65)
2491,이민정 교수님,미적분학및연습I 보건과학대학 보건환경융합과학부 17학번 (66-끝)
2492,고원률 교수님,미적분학및연습I 생명과학대학
2493,조주희 교수님,미적분학및연습I 생명과학대학
2494,강창헌 교수님,미적분학및연습I 생명과학대학
2495,권보현 교수님,미적분학및연습I 생명과학대학
2496,이영선 교수님,미적분학및연습I(영강) 외국국적 / 12년 이상 외국에서 공부한 학생
2497,남영우 교수님,미적분학및연습I 공과대학 재수강
2498,윤중석 교수님,미적분학및연습I 공과대학 재수강
2499,황진옥 교수님,미적분학및연습I 생명과학대학
2500,강창헌 교수님,미적분학및연습II 3학년 이상
2501,윤태현 교수님,"일반물리학및연습Ⅰ(영강) 이과대 물리 ('17학번,'17학번외 재수강/미이수자 포함)"
2502,최준곤 교수님,"일반물리학및연습Ⅰ 이과대 수학('17학번), 화학('17학번), 지구환경('17학번)"
2503,홍석철 교수님,일반물리학및연습Ⅰ(영강) 공과대 화공생명('17학번)
2504,최수용 교수님,일반물리학및연습Ⅰ(영강) 공과대 신소재('17학번 101 ~ 175)
2505,이동헌 교수님,일반물리학및연습Ⅰ(영강) 공과대 신소재('17학번 176 ~ 끝)
2506,안정근 교수님,일반물리학및연습Ⅰ(영강) 공과대 건축사회환경('17학번)
2507,박규환 교수님,일반물리학및연습Ⅰ 공과대 기계('17학번 601 ~ 685)
2508,최만수 교수님,일반물리학및연습Ⅰ 공과대 기계('17학번 686 ~ 끝)
2509,이상훈 교수님,일반물리학및연습Ⅰ 공과대 전기전자('17학번 901 ~ 995)
2510,강세종 교수님,일반물리학및연습Ⅰ 공과대 전기전자('17학번 996 ~ 끝)
2511,박홍규 교수님,"일반물리학및연습Ⅰ(영강) 보건과학대('17학번, '17학번외 재수강/미이수자 포함)"
2512,이경세 교수님,일반물리학및연습Ⅰ '17학번외 재수강/미이수자 1반
2513,장민희 교수님,일반물리학및연습Ⅰ '17학번외 재수강/미이수자 2반
2514,이규원 교수님,일반물리학및연습Ⅰ '17학번외 재수강/미이수자 3반
2515,노연정 교수님,일반물리학및연습Ⅰ '17학번외 재수강/미이수자 4반
2516,이승준 교수님,일반물리학및연습Ⅰ(영강) 외국인반 (※ 내국인은 한국어 불가능자만 수강 허용)
2517,이경진 교수님,"생명물리학및연습 생명과학대('17학번, '17학번외 재수강/미이수자 포함)"
2518,권영완 교수님,일반화학및연습 기계공학부 '17학번 (1-90)
2519,권영완 교수님,일반화학및연습 기계공학부 '17학번 (91-끝)(CHEM150 미이수 및 재수강)
2520,이광렬 교수님,일반화학및연습 산업경영공학부 '17학번(CHEM150 미이수 및 재수강)
2521,정낙철 교수님,일반화학및연습Ⅰ 수학 '17학번
2522,정광섭 교수님,"일반화학및연습Ⅰ(영강) 물리 '17학번, 지구환경 '17학번(이과대학만 수강, 이과대 재수강(수학제외)"
2523,이상원 교수님,일반화학및연습Ⅰ 화학 '17학번 (이과대학만 수강가능)
2524,김준곤 교수님,"일반화학및연습Ⅰ(영강) 화공생명 '17학번(화공생명 재수강, 영강)"
2525,김학중 교수님,일반화학및연습Ⅰ(영강) 신소재 '17학번 (1-90)
2526,심상희 교수님,"일반화학및연습Ⅰ(영강) 신소재 '17학번 (91-끝) (CHEM151 재수강, 물리, 화학, 지구, 화공생명 제외)"
2527,최기항 교수님,일반화학및연습Ⅰ 전기전자전파 '17학번 (1-99)
2528,한호규 교수님,일반화학및연습Ⅰ 전기전자전파 '17학번 (100-끝)
2529,우한영 교수님,"일반화학및연습Ⅰ 바이오의공학부 '17학번, 바이오시스템의과학부 '17학번"
2530,윤효재 교수님,일반화학및연습Ⅰ(영강) 보건환경융합과학부 '17학번
2531,김지혜 교수님,"일반화학및연습Ⅰ(영강) 자연계 재수강생, 외국인, 영강"
2532,정낙철 교수님,일반화학 의예과 '17학번 (학과제한)
2533,조석주 교수님,지구환경과학및연습I
2534,이의형 교수님,지구환경과학및연습I
2535,최기주 교수님,지구환경과학및연습I
2536,류성룡 교수님,건축학개론 (건축학과 대상)
2537,이종구 교수님,공업역학(영강) 건축사회환경공학부
2538,최회련 교수님,컴퓨터언어및실습
2539,천지영 교수님,컴퓨터언어및실습 건축사회환경공학부
2540,김동승 교수님,컴퓨터언어및실습 전기전자공학부
2541,장민호 교수님,컴퓨터언어및실습(영강) 기계공학부
2542,김종훈 교수님,컴퓨터언어및실습 신소재공학부
2543,이학재 교수님,컴퓨터언어및실습 보건과학대학
2544,강지호 교수님,공업통계
2545,이준혁 교수님,공업통계
2546,유영지 교수님,투자경제성분석
2547,박재규 교수님,투자경제성분석
2548,반기민 교수님,투자경제성분석
2549,안민정 교수님,투자경제성분석
2550,김대호 교수님,투자경제성분석 산업경영공학부 수강제한(타분반 수강해주세요)
2551,최대식 교수님,선형대수
2552,전영민 교수님,선형대수
2553,김태수 교수님,운동처방의이론과실제
2554,이민철 교수님,스포츠의학개론 체육특기자 외 수강금지
2555,방은정 교수님,결혼과가족
2556,정순화 교수님,결혼과가족
2557,이경희 교수님,결혼과가족
2558,장규진 교수님,지리학입문 지리교육과 수강불가
2559,최진욱 교수님,한국역사와문화입문
2560,신근영 교수님,한국역사와문화입문
2561,이선애 교수님,중국역사와문화입문
2562,서민교 교수님,일본역사와문화입문
2563,이진일 교수님,서양문화사입문
2564,정미란 교수님,건강의사소통
2565,김종규 교수님,컴퓨터프로그래밍I
2566,차성덕 교수님,컴퓨터프로그래밍I
2567,허준범 교수님,컴퓨터프로그래밍I(영강)
2568,채정민 교수님,컴퓨터프로그래밍I
2569,김영식 교수님,전산수학I
2570,정다래 교수님,전산수학I
2571,주재걸 교수님,전산수학I(영강)
2572,강태성 교수님,미술과문화
2573,최재희 교수님,현대디자인의이해
2574,이재준 교수님,미디어와예술언어
2575,백인산 교수님,한국미술걸작개론
2576,조은정 교수님,현대아시아미술개론
2577,소현숙 교수님,자연미학과미술의시공간
2578,전유신 교수님,미술감상
2579,이문정 교수님,현대미술론
2580,최재희 교수님,디자인론
2581,최익균 교수님,한국미술감상과비평
2582,Robert Rudolf 교수님,경제학입문(영강)
2583,Daniel Phillip Connolly 교수님,정치학입문(영강)
2584,하정옥 교수님,사회와건강
2585,김승섭 교수님,공중보건의역사
2586,홍석희 교수님,과목 1(영강)
2587,장규현 교수님,과목49
2588,최성희 교수님,영어통역과번역
2589,Glenn P. Sundeen 교수님,고급영어토론(영강)
2590,David M. Duke 교수님,고급영어토론(영강)
2591,왕성순 교수님,기업영어실습(영강)
2592,박혜순 교수님,기업영어실습(영강)
2593,신영자 교수님,시사중국어
2594,김종석 교수님,영상중국어(외국어강의)
2595,노혜정 교수님,실용중국어작문(외국어강의)
2596,최소담 교수님,시사영어(영강)
2597,조준형 교수님,프랑스어독해Ⅰ(외국어강의)
2598,김선경 교수님,불영번역연습(외국어강의)
2599,Mar?a del Pilar Fabeiro Li?are⋯ 교수님,중급스페인어회화(외국어강의)
2600,김학순 교수님,시사일본어(외국어강의)
2601,강경자 교수님,영상일본어(외국어강의)
2602,편용우 교수님,영상일본어(외국어강의)
2603,박혜진 교수님,영상일본어(외국어강의)
2604,강경자 교수님,비즈니스일본어(외국어강의)
2605,박혜진 교수님,비즈니스일본어(외국어강의)
2606,김남은 교수님,일본어작문Ⅰ(외국어강의)
2607,김경미 교수님,일본어작문Ⅰ(외국어강의)
2608,김학순 교수님,일본어독해Ⅰ(외국어강의)
2609,최가형 교수님,일본어독해Ⅰ(외국어강의)
2610,김보경 교수님,아카데믹일본어Ⅰ(외국어강의)
2611,Mar?a del Pilar Fabeiro Li?are⋯ 교수님,스페인어회화(외국어강의)
2612,신태식 교수님,스페인어문법Ⅰ(외국어강의)
2613,조은정 교수님,비즈니스중국어(외국어강의)
2614,이봉금 교수님,비즈니스중국어(외국어강의)
2615,김숙향 교수님,비즈니스중국어(외국어강의)
2616,정인태 교수님,영상스페인어(외국어강의)
2617,정인태 교수님,비즈니스스페인어(외국어강의)
2618,송용구 교수님,비즈니스독일어
2619,권영을 교수님,독일어문법
2620,조효진 교수님,영어읽기와토론I(영강)
2621,배순영 교수님,영어읽기와토론I(영강)
2622,여정은 교수님,영어읽기와토론I(영강)
2623,양의춘 교수님,영어읽기와토론I(영강)
2624,오세풍 교수님,영어읽기와토론I(영강)
2625,전범수 교수님,영어읽기와토론I(영강)
2626,유주현 교수님,영어읽기와토론I(영강)
2627,윤정회 교수님,고급영문법(영강)
2628,마선미 교수님,실용영어읽기와쓰기(영강)
2629,임현선 교수님,실용영어읽기와쓰기(영강)
2630,이선화 교수님,실용영어읽기와쓰기(영강)
2631,이나리 교수님,실용영어읽기와쓰기(영강)
2632,박양애 교수님,실용영어읽기와쓰기(영강)
2633,Kenton Alan Lee 교수님,학술영작문-인문사회계(영강)
2634,Darrell L. Enright 교수님,학술영작문-자연계(영강)
2635,Michael D. Blackwood 교수님,미디어영어(영강)
2636,Peter S. Sylvestre 교수님,비즈니스영어(영강)
2637,Naheen Madarbakus 교수님,비즈니스영어(영강)
2638,Terence W. Clark 교수님,영어발표와연설(영강)
2639,Anthony Death 교수님,영어를통한비판적사고(영강)
2640,이상욱 교수님,영상독일어
2641,Harald Gaerber 교수님,독일어CEFR(AII-I)(외국어강의)
2642,Malte Kelpin 교수님,독일어CEFR(AII-I)(외국어강의)
2643,신경미 교수님,전공중국어Ⅰ(외국어강의) 중문과 2017학번 끝번호 홀수
2644,신경미 교수님,전공중국어Ⅰ(외국어강의) 중문과 2017학번 끝번호 짝수
2645,손주연 교수님,전공중국어Ⅰ(외국어강의)
2646,최수경 교수님,전공중국어Ⅰ(외국어강의)
2647,임다함 교수님,전공일본어Ⅰ(외국어강의)
2648,김보경 교수님,전공일본어Ⅰ(외국어강의)
2649,Simon Kim 교수님,전공프랑스어I(외국어강의)
2650,Jeanmaire Guillaume 교수님,전공프랑스어II(외국어강의)
2651,최수 교수님,고급영어
2652,김희성 교수님,고급영어
2653,김은영 교수님,고급영어
2654,정유선 교수님,고급영어
2655,맹지현 교수님,고급영어(영강)
2656,정헌 교수님,고급영어
2657,표미정 교수님,고급영어(영강)
2658,정인태 교수님,전공스페인어Ⅰ(외국어강의) 서어서문학과
2659,양성혜 교수님,전공스페인어Ⅰ(외국어강의) 서어서문학과
2660,신태식 교수님,전공스페인어Ⅰ(외국어강의)
2661,양성혜 교수님,전공스페인어Ⅱ(외국어강의)
2662,김진규 교수님,전공러시아어Ⅰ(외국어강의)
2663,이남경 교수님,전공러시아어Ⅰ(외국어강의)
2664,Harald Gaerber 교수님,전공독일어Ⅰ(외국어강의) 독문과 1학년 우선 수강
2665,Malte Kelpin 교수님,전공독일어Ⅰ(외국어강의) 독문과 1학년 우선 수강
2666,전계안 교수님,전공영어I
2667,황지연 교수님,전공영어I(영강)
2668,안선영 교수님,전공영어I(영강)
2669,"손주연,김수현 교수님",교양중국어초급(외국어강의) 중문과 2017학번 끝번호 홀수
2670,"안예선,홍서연 교수님",교양중국어초급(외국어강의) 중문과 2017학번 끝번호 짝수
2671,"노혜정,신영자 교수님",교양중국어초급(외국어강의)
2672,"최수경,한운진 교수님",교양중국어초급(외국어강의)
2673,"이봉금,권운영 교수님",교양중국어초급(외국어강의)
2674,"김선,박민정 교수님",교양중국어초급(외국어강의)
2675,"김숙향,김명학 교수님",교양중국어초급(외국어강의)
2676,"권혜진,고운선 교수님",교양중국어초급(외국어강의)
2677,"고운선,윤순일 교수님",교양중국어초급(외국어강의)
2678,"김윤수,박민정 교수님",교양중국어초급(외국어강의)
2679,"조경환,유지원 교수님",교양중국어초급(외국어강의)
2680,"정지수,정명숙 교수님",교양중국어중급(외국어강의)
2681,"최정현,정영주 교수님",교양러시아어초급(외국어강의) 노문과 17학번 끝자리 홀수
2682,"Valentina A Bojko,김혁 교수님",교양러시아어초급(외국어강의) 노문과 17학번 끝자리 짝수
2683,"최정운,이남경 교수님",교양러시아어초급(외국어강의)
2684,최명숙 교수님,교양일본어Ⅰ(외국어강의)
2685,이현희 교수님,교양일본어Ⅰ(외국어강의)
2686,양지원 교수님,교양일본어Ⅰ(외국어강의)
2687,김진영 교수님,교양일본어Ⅰ(외국어강의)
2688,KOIDE MUNEKAZU 교수님,교양일본어Ⅰ(외국어강의)
2689,김정은 교수님,교양일본어Ⅰ(외국어강의)
2690,김미옥 교수님,교양일본어Ⅰ(외국어강의)
2691,신정아 교수님,교양일본어Ⅰ(외국어강의)
2692,주현숙 교수님,교양일본어Ⅱ(외국어강의)
2693,이윤지 교수님,교양일본어Ⅱ(외국어강의)
2694,이순희 교수님,교양프랑스어초급(외국어강의)
2695,김준한 교수님,교양프랑스어초급(외국어강의)
2696,조준형 교수님,교양프랑스어초급(외국어강의)
2697,김선경 교수님,교양프랑스어초급(외국어강의)
2698,김화영 교수님,교양프랑스어초급(외국어강의)
2699,김대영 교수님,교양프랑스어초급(외국어강의)
2700,박선희 교수님,교양프랑스어초급(외국어강의)
2701,박성혜 교수님,교양프랑스어초급(외국어강의)
2702,이선희 교수님,교양프랑스어중급(외국어강의)
2703,"김용호,정혜윤 교수님",교양스페인어초급(외국어강의) 서어서문학과
2704,"신태식,박수경 교수님",교양스페인어초급(외국어강의) 서어서문학과
2705,"김선욱,최은경 교수님",교양스페인어초급(외국어강의)
2706,"정효석,신태식 교수님",교양스페인어초급(외국어강의)
2707,"이용표,장재원 교수님",교양스페인어초급(외국어강의)
2708,"정효석,김선이 교수님",교양스페인어초급(외국어강의)
2709,"이용표,정수현 교수님",교양스페인어초급(외국어강의)
2710,"최은경,이용표 교수님",교양스페인어중급(외국어강의)
2711,"김선욱,박수경 교수님",교양스페인어중급(외국어강의)
2712,Mar?a del Pilar Fabeiro Li?are⋯ 교수님,교양스페인어중급(외국어강의)
2713,"권영경,이진숙 교수님",교양독일어초급(외국어강의)
2714,"권영경,정명순 교수님",교양독일어초급(외국어강의)
2715,"김인순,이상욱 교수님",교양독일어초급(외국어강의)
2716,"김재영,안철택 교수님",교양독일어초급(외국어강의)
2717,"권영을,이정린 교수님",교양독일어초급(외국어강의)
2718,"권영을,전지선 교수님",교양독일어중급(외국어강의)
2719,최정환 교수님,인문사회학을위한수학 Flipped Class
2720,김현철 교수님,데이터로표현하는세상
2721,박성빈 교수님,하이퍼텍스트와계산가능성
2722,김홍중 교수님,수리소프트웨어의활용(영강)
2723,정인교 교수님,과학적추론의이해
2724,정재호 교수님,비이공계학생을위한물리학(영강)
2725,문영선 교수님,교육학개론
2726,윤선인 교수님,교육학개론
2727,정해진 교수님,교육학개론
2728,최승현 교수님,교육학개론
2729,변은희 교수님,교육심리
2730,권순구 교수님,교육심리
2731,이선영 교수님,교육심리
2732,송주연 교수님,교육심리
2733,최윤진 교수님,교육사회
2734,전하람 교수님,교육사회
2735,마은종 교수님,교육철학및교육사
2736,김세희 교수님,교육철학및교육사
2737,박주희 교수님,교육철학및교육사
2738,조나영 교수님,교육철학및교육사
2739,김은진 교수님,교육방법및교육공학
2740,이영 교수님,교육방법및교육공학
2741,민부자 교수님,교육과정
2742,조호제 교수님,교육과정
2743,이현정 교수님,교육평가
2744,노언경 교수님,교육평가
2745,김은희 교수님,생활지도및상담
2746,정미영 교수님,생활지도및상담
2747,이동윤 교수님,교직적성론
2748,봉미미 교수님,교육봉사 60시간 봉사이수 후 일지 및 확인서 제출자에 한해 신청
2749,신희성 교수님,다문화교육을위한기초한국어교육론 (다문화한국어교육융합전공 학점인정과목)
2750,이정화 교수님,교직실무 08학번까지:교직이론으로 인정/ 09학번부터: 교직소양
2751,김재덕 교수님,교직실무 08학번까지:교직이론으로 인정/ 09학번부터: 교직소양
2752,김지영 교수님,교직실무 08학번까지:교직이론으로 인정/ 09학번부터: 교직소양
2753,설진성 교수님,교직실무 08학번까지:교직이론으로 인정/ 09학번부터: 교직소양
2754,박나리 교수님,특수교육학개론 08학번까지:교직이론으로 인정/ 09학번부터: 교직소양
2755,구정아 교수님,특수교육학개론 08학번까지:교직이론으로 인정/ 09학번부터: 교직소양
2756,민수진 교수님,특수교육학개론 08학번까지:교직이론으로 인정/ 09학번부터: 교직소양
2757,이지효 교수님,특수교육학개론 08학번까지:교직이론으로 인정/ 09학번부터: 교직소양
2758,박준형 교수님,교육행정및교육경영
2759,가신현 교수님,교육행정및교육경영
2760,김희대 교수님,학교폭력예방및학생의이해 12학번까지: 교직이론으로 인정/13학번부터: 교직소양
2761,박철형 교수님,학교폭력예방및학생의이해 12학번까지: 교직이론으로 인정/13학번부터: 교직소양
2762,장은비 교수님,학교폭력예방및학생의이해 12학번까지: 교직이론으로 인정/13학번부터: 교직소양
2763,봉미미 교수님,"학교현장실습 오리엔테이션(3/11),수업(3/18,3/25,6/10)"
2764,변기용 교수님,"학교현장실습 오리엔테이션(3/11),수업(3/18,3/25,6/10)"
2765,이상민 교수님,"학교현장실습 오리엔테이션(3/11),수업(3/25,6/10):3/18수업없음."
2766,조대연 교수님,"학교현장실습 오리엔테이션(3/11),수업(3/18,3/25,6/10)"
2767,봉미미 교수님,학교현장실습(해외인턴십) 16-2학기 해외교육실습 선발자 신청과목
2768,박지영 교수님,생물교과교육론
2769,"김지혜,김재홍 교수님",과학교과논리및논술
2770,박성근 교수님,물리교과교육론
2771,김지혜 교수님,화학교과교육론
2772,이의형 교수님,지질학
2773,한신 교수님,지구과학교과교육론
2774,성국현 교수님,군사학Ⅰ
2775,이보선 교수님,군사학Ⅲ
